years,months,days,price
2011,ENERO,1,67.0228
2011,ENERO,2,60.1125
2011,ENERO,3,82.8127
2011,ENERO,4,84.3938
2011,ENERO,5,79.1728
2011,ENERO,6,87.2324
2011,ENERO,7,72.2246
2011,ENERO,8,80.5062
2011,ENERO,9,66.7674
2011,ENERO,10,66.1381
2011,ENERO,11,72.2337
2011,ENERO,12,66.8578
2011,ENERO,13,61.3152
2011,ENERO,14,64.6272
2011,ENERO,15,59.5972
2011,ENERO,16,79.0704
2011,ENERO,17,89.7749
2011,ENERO,18,100.6202
2011,ENERO,19,102.2588
2011,ENERO,20,99.3783
2011,ENERO,21,94.1226
2011,ENERO,22,94.8238
2011,ENERO,23,99.9622
2011,ENERO,24,122.6754
2011,ENERO,25,125.4118
2011,ENERO,26,128.0300
2011,ENERO,27,122.1952
2011,ENERO,28,122.5593
2011,ENERO,29,109.3571
2011,ENERO,30,106.2780
2011,ENERO,31,106.0538
2011,FEBRERO,1,123.8017
2011,FEBRERO,2,120.3111
2011,FEBRERO,3,130.1435
2011,FEBRERO,4,128.6575
2011,FEBRERO,5,114.7832
2011,FEBRERO,6,113.8920
2011,FEBRERO,7,113.1416
2011,FEBRERO,8,111.5787
2011,FEBRERO,9,109.5512
2011,FEBRERO,10,107.8581
2011,FEBRERO,11,106.0095
2011,FEBRERO,12,107.6299
2011,FEBRERO,13,106.0904
2011,FEBRERO,14,105.2409
2011,FEBRERO,15,103.7075
2011,FEBRERO,16,93.6273
2011,FEBRERO,17,91.3890
2011,FEBRERO,18,103.0764
2011,FEBRERO,19,91.5619
2011,FEBRERO,20,92.6912
2011,FEBRERO,21,96.9185
2011,FEBRERO,22,98.9458
2011,FEBRERO,23,95.5970
2011,FEBRERO,24,99.2682
2011,FEBRERO,25,103.8223
2011,FEBRERO,26,95.1879
2011,FEBRERO,27,97.7117
2011,FEBRERO,28,96.9689
2011,MARZO,1,89.0565
2011,MARZO,2,88.2568
2011,MARZO,3,92.2611
2011,MARZO,4,85.0595
2011,MARZO,5,80.9298
2011,MARZO,6,81.0845
2011,MARZO,7,89.3891
2011,MARZO,8,89.1227
2011,MARZO,9,85.1977
2011,MARZO,10,83.2231
2011,MARZO,11,79.5079
2011,MARZO,12,77.8308
2011,MARZO,13,81.8916
2011,MARZO,14,86.9564
2011,MARZO,15,86.8122
2011,MARZO,16,87.7120
2011,MARZO,17,85.3756
2011,MARZO,18,78.6655
2011,MARZO,19,76.2337
2011,MARZO,20,77.9982
2011,MARZO,21,84.2079
2011,MARZO,22,98.5586
2011,MARZO,23,79.5895
2011,MARZO,24,70.0440
2011,MARZO,25,66.1174
2011,MARZO,26,57.6414
2011,MARZO,27,46.2278
2011,MARZO,28,69.2996
2011,MARZO,29,67.3253
2011,MARZO,30,70.2146
2011,MARZO,31,79.7368
2011,ABRIL,1,85.1307
2011,ABRIL,2,84.1983
2011,ABRIL,3,79.9473
2011,ABRIL,4,90.8040
2011,ABRIL,5,94.0991
2011,ABRIL,6,111.8028
2011,ABRIL,7,113.9314
2011,ABRIL,8,111.5938
2011,ABRIL,9,111.5487
2011,ABRIL,10,104.1466
2011,ABRIL,11,104.9480
2011,ABRIL,12,97.4629
2011,ABRIL,13,82.1136
2011,ABRIL,14,72.3264
2011,ABRIL,15,64.5823
2011,ABRIL,16,41.8279
2011,ABRIL,17,37.4939
2011,ABRIL,18,55.7366
2011,ABRIL,19,61.6105
2011,ABRIL,20,54.2092
2011,ABRIL,21,40.5948
2011,ABRIL,22,36.1169
2011,ABRIL,23,35.3567
2011,ABRIL,24,38.6379
2011,ABRIL,25,63.1009
2011,ABRIL,26,64.8593
2011,ABRIL,27,67.8844
2011,ABRIL,28,65.5018
2011,ABRIL,29,65.6838
2011,ABRIL,30,65.2399
2011,MAYO,1,49.3394
2011,MAYO,2,59.4977
2011,MAYO,3,49.8949
2011,MAYO,4,65.1644
2011,MAYO,5,64.7029
2011,MAYO,6,64.3490
2011,MAYO,7,59.0543
2011,MAYO,8,40.5779
2011,MAYO,9,60.0129
2011,MAYO,10,70.8089
2011,MAYO,11,73.6997
2011,MAYO,12,74.4940
2011,MAYO,13,70.5729
2011,MAYO,14,66.9360
2011,MAYO,15,45.3495
2011,MAYO,16,63.9580
2011,MAYO,17,62.7245
2011,MAYO,18,58.7578
2011,MAYO,19,61.8650
2011,MAYO,20,61.6552
2011,MAYO,21,58.0674
2011,MAYO,22,46.8669
2011,MAYO,23,59.4646
2011,MAYO,24,58.4639
2011,MAYO,25,53.5274
2011,MAYO,26,58.4377
2011,MAYO,27,60.1434
2011,MAYO,28,43.2372
2011,MAYO,29,38.7978
2011,MAYO,30,64.7610
2011,MAYO,31,48.0297
2011,JUNIO,1,56.1297
2011,JUNIO,2,59.2829
2011,JUNIO,3,50.9946
2011,JUNIO,4,39.1538
2011,JUNIO,5,37.7506
2011,JUNIO,6,49.9511
2011,JUNIO,7,66.1937
2011,JUNIO,8,71.4553
2011,JUNIO,9,72.0393
2011,JUNIO,10,65.9390
2011,JUNIO,11,62.7094
2011,JUNIO,12,60.4428
2011,JUNIO,13,78.6404
2011,JUNIO,14,74.8101
2011,JUNIO,15,71.9572
2011,JUNIO,16,76.1260
2011,JUNIO,17,74.3611
2011,JUNIO,18,62.7518
2011,JUNIO,19,41.1108
2011,JUNIO,20,60.7312
2011,JUNIO,21,64.4550
2011,JUNIO,22,72.4670
2011,JUNIO,23,68.0115
2011,JUNIO,24,61.9524
2011,JUNIO,25,54.9462
2011,JUNIO,26,43.9323
2011,JUNIO,27,40.9341
2011,JUNIO,28,63.9389
2011,JUNIO,29,56.4123
2011,JUNIO,30,42.2687
2011,JULIO,1,41.7426
2011,JULIO,2,40.9641
2011,JULIO,3,38.5908
2011,JULIO,4,43.2307
2011,JULIO,5,43.0043
2011,JULIO,6,47.1328
2011,JULIO,7,47.4238
2011,JULIO,8,51.1251
2011,JULIO,9,43.9648
2011,JULIO,10,52.1448
2011,JULIO,11,51.0635
2011,JULIO,12,72.6847
2011,JULIO,13,71.2170
2011,JULIO,14,70.6721
2011,JULIO,15,73.0202
2011,JULIO,16,62.4173
2011,JULIO,17,57.2325
2011,JULIO,18,65.2051
2011,JULIO,19,62.1214
2011,JULIO,20,51.6566
2011,JULIO,21,64.5869
2011,JULIO,22,66.7044
2011,JULIO,23,70.9785
2011,JULIO,24,47.6834
2011,JULIO,25,55.9871
2011,JULIO,26,58.3761
2011,JULIO,27,65.5708
2011,JULIO,28,61.4403
2011,JULIO,29,56.3649
2011,JULIO,30,48.3900
2011,JULIO,31,38.2331
2011,AGOSTO,1,64.0613
2011,AGOSTO,2,78.5490
2011,AGOSTO,3,76.4186
2011,AGOSTO,4,72.6694
2011,AGOSTO,5,72.0208
2011,AGOSTO,6,81.8559
2011,AGOSTO,7,88.3249
2011,AGOSTO,8,116.6647
2011,AGOSTO,9,110.9025
2011,AGOSTO,10,108.8430
2011,AGOSTO,11,101.6883
2011,AGOSTO,12,115.5603
2011,AGOSTO,13,114.4871
2011,AGOSTO,14,92.3525
2011,AGOSTO,15,96.0564
2011,AGOSTO,16,115.1180
2011,AGOSTO,17,99.4779
2011,AGOSTO,18,86.8933
2011,AGOSTO,19,65.7933
2011,AGOSTO,20,84.2836
2011,AGOSTO,21,64.9425
2011,AGOSTO,22,79.5278
2011,AGOSTO,23,85.8621
2011,AGOSTO,24,80.4801
2011,AGOSTO,25,86.7676
2011,AGOSTO,26,81.7897
2011,AGOSTO,27,81.0716
2011,AGOSTO,28,74.3403
2011,AGOSTO,29,91.9641
2011,AGOSTO,30,98.9145
2011,AGOSTO,31,90.6557
2011,SEPTIEMBRE,1,117.8472
2011,SEPTIEMBRE,2,96.5649
2011,SEPTIEMBRE,3,84.1187
2011,SEPTIEMBRE,4,80.3173
2011,SEPTIEMBRE,5,100.0810
2011,SEPTIEMBRE,6,96.8847
2011,SEPTIEMBRE,7,103.5730
2011,SEPTIEMBRE,8,112.9773
2011,SEPTIEMBRE,9,93.5127
2011,SEPTIEMBRE,10,89.4609
2011,SEPTIEMBRE,11,87.0555
2011,SEPTIEMBRE,12,85.0912
2011,SEPTIEMBRE,13,106.1567
2011,SEPTIEMBRE,14,91.4661
2011,SEPTIEMBRE,15,97.8060
2011,SEPTIEMBRE,16,93.3736
2011,SEPTIEMBRE,17,90.6760
2011,SEPTIEMBRE,18,86.9442
2011,SEPTIEMBRE,19,92.2843
2011,SEPTIEMBRE,20,99.3966
2011,SEPTIEMBRE,21,98.6730
2011,SEPTIEMBRE,22,94.6367
2011,SEPTIEMBRE,23,95.3422
2011,SEPTIEMBRE,24,95.1529
2011,SEPTIEMBRE,25,77.9959
2011,SEPTIEMBRE,26,92.8684
2011,SEPTIEMBRE,27,82.0058
2011,SEPTIEMBRE,28,82.0495
2011,SEPTIEMBRE,29,82.0210
2011,SEPTIEMBRE,30,68.9526
2011,OCTUBRE,1,59.4024
2011,OCTUBRE,2,57.2405
2011,OCTUBRE,3,88.7346
2011,OCTUBRE,4,93.4185
2011,OCTUBRE,5,103.5806
2011,OCTUBRE,6,117.6287
2011,OCTUBRE,7,108.5010
2011,OCTUBRE,8,103.3372
2011,OCTUBRE,9,77.2468
2011,OCTUBRE,10,86.7396
2011,OCTUBRE,11,108.6098
2011,OCTUBRE,12,79.2648
2011,OCTUBRE,13,70.2554
2011,OCTUBRE,14,72.7173
2011,OCTUBRE,15,63.3365
2011,OCTUBRE,16,45.5498
2011,OCTUBRE,17,53.2916
2011,OCTUBRE,18,60.1859
2011,OCTUBRE,19,56.1480
2011,OCTUBRE,20,63.5389
2011,OCTUBRE,21,62.0122
2011,OCTUBRE,22,65.0780
2011,OCTUBRE,23,54.8505
2011,OCTUBRE,24,73.8003
2011,OCTUBRE,25,83.5442
2011,OCTUBRE,26,78.1797
2011,OCTUBRE,27,83.0958
2011,OCTUBRE,28,78.4143
2011,OCTUBRE,29,56.1193
2011,OCTUBRE,30,38.5678
2011,OCTUBRE,31,40.0703
2011,NOVIEMBRE,1,63.3256
2011,NOVIEMBRE,2,63.8656
2011,NOVIEMBRE,3,79.0865
2011,NOVIEMBRE,4,86.3375
2011,NOVIEMBRE,5,66.3690
2011,NOVIEMBRE,6,65.0226
2011,NOVIEMBRE,7,62.7538
2011,NOVIEMBRE,8,77.8219
2011,NOVIEMBRE,9,74.0210
2011,NOVIEMBRE,10,75.0399
2011,NOVIEMBRE,11,86.9498
2011,NOVIEMBRE,12,72.9645
2011,NOVIEMBRE,13,59.3688
2011,NOVIEMBRE,14,56.4881
2011,NOVIEMBRE,15,76.8985
2011,NOVIEMBRE,16,83.2348
2011,NOVIEMBRE,17,76.9935
2011,NOVIEMBRE,18,79.5690
2011,NOVIEMBRE,19,65.7121
2011,NOVIEMBRE,20,51.7282
2011,NOVIEMBRE,21,79.4454
2011,NOVIEMBRE,22,68.9847
2011,NOVIEMBRE,23,69.6260
2011,NOVIEMBRE,24,76.2067
2011,NOVIEMBRE,25,54.0936
2011,NOVIEMBRE,26,66.6701
2011,NOVIEMBRE,27,50.0431
2011,NOVIEMBRE,28,74.3378
2011,NOVIEMBRE,29,78.4639
2011,NOVIEMBRE,30,74.7354
2011,DICIEMBRE,1,67.2605
2011,DICIEMBRE,2,72.7274
2011,DICIEMBRE,3,50.5888
2011,DICIEMBRE,4,45.6225
2011,DICIEMBRE,5,57.2903
2011,DICIEMBRE,6,56.3067
2011,DICIEMBRE,7,57.1102
2011,DICIEMBRE,8,44.7960
2011,DICIEMBRE,9,47.0207
2011,DICIEMBRE,10,45.3151
2011,DICIEMBRE,11,43.4219
2011,DICIEMBRE,12,51.1550
2011,DICIEMBRE,13,63.6350
2011,DICIEMBRE,14,63.1295
2011,DICIEMBRE,15,64.1892
2011,DICIEMBRE,16,67.2185
2011,DICIEMBRE,17,50.0084
2011,DICIEMBRE,18,45.8458
2011,DICIEMBRE,19,47.9043
2011,DICIEMBRE,20,53.6638
2011,DICIEMBRE,21,50.5614
2011,DICIEMBRE,22,60.8681
2011,DICIEMBRE,23,57.2042
2011,DICIEMBRE,24,45.8832
2011,DICIEMBRE,25,41.1816
2011,DICIEMBRE,26,58.3647
2011,DICIEMBRE,27,69.0247
2011,DICIEMBRE,28,67.1410
2011,DICIEMBRE,29,68.9832
2011,DICIEMBRE,30,61.5753
2011,DICIEMBRE,31,53.4407
2012,ENERO,1,42.1811
2012,ENERO,2,54.3776
2012,ENERO,3,58.6006
2012,ENERO,4,57.0322
2012,ENERO,5,58.0743
2012,ENERO,6,50.5759
2012,ENERO,7,51.5288
2012,ENERO,8,46.4722
2012,ENERO,9,50.7394
2012,ENERO,10,57.3188
2012,ENERO,11,56.4327
2012,ENERO,12,55.6532
2012,ENERO,13,50.3826
2012,ENERO,14,51.4239
2012,ENERO,15,44.6803
2012,ENERO,16,52.4811
2012,ENERO,17,67.5534
2012,ENERO,18,91.3486
2012,ENERO,19,86.6912
2012,ENERO,20,41.6353
2012,ENERO,21,45.1531
2012,ENERO,22,50.0404
2012,ENERO,23,52.1758
2012,ENERO,24,51.4558
2012,ENERO,25,60.7384
2012,ENERO,26,59.3480
2012,ENERO,27,50.9671
2012,ENERO,28,41.1296
2012,ENERO,29,40.7089
2012,ENERO,30,43.9391
2012,ENERO,31,41.0824
2012,FEBRERO,1,42.7980
2012,FEBRERO,2,43.6187
2012,FEBRERO,3,46.3050
2012,FEBRERO,4,47.0963
2012,FEBRERO,5,51.8911
2012,FEBRERO,6,49.5673
2012,FEBRERO,7,44.7832
2012,FEBRERO,8,45.7086
2012,FEBRERO,9,45.4657
2012,FEBRERO,10,44.4131
2012,FEBRERO,11,50.1135
2012,FEBRERO,12,57.4827
2012,FEBRERO,13,70.5776
2012,FEBRERO,14,77.4132
2012,FEBRERO,15,79.2532
2012,FEBRERO,16,80.6662
2012,FEBRERO,17,81.0122
2012,FEBRERO,18,81.8101
2012,FEBRERO,19,80.6013
2012,FEBRERO,20,81.4350
2012,FEBRERO,21,109.7946
2012,FEBRERO,22,123.2813
2012,FEBRERO,23,112.3903
2012,FEBRERO,24,104.5683
2012,FEBRERO,25,115.8931
2012,FEBRERO,26,102.6684
2012,FEBRERO,27,132.7930
2012,FEBRERO,28,138.8881
2012,FEBRERO,29,134.0945
2012,MARZO,1,134.7639
2012,MARZO,2,129.9999
2012,MARZO,3,125.0917
2012,MARZO,4,128.5548
2012,MARZO,5,144.0411
2012,MARZO,6,141.6659
2012,MARZO,7,142.4878
2012,MARZO,8,139.4649
2012,MARZO,9,139.5958
2012,MARZO,10,135.9251
2012,MARZO,11,133.5202
2012,MARZO,12,138.7735
2012,MARZO,13,135.7760
2012,MARZO,14,133.8441
2012,MARZO,15,139.1766
2012,MARZO,16,137.9871
2012,MARZO,17,132.5254
2012,MARZO,18,129.7679
2012,MARZO,19,128.2911
2012,MARZO,20,125.2120
2012,MARZO,21,122.5393
2012,MARZO,22,111.4970
2012,MARZO,23,104.2869
2012,MARZO,24,96.5451
2012,MARZO,25,95.4851
2012,MARZO,26,85.4679
2012,MARZO,27,82.3604
2012,MARZO,28,73.0840
2012,MARZO,29,69.3249
2012,MARZO,30,85.5671
2012,MARZO,31,69.6390
2012,ABRIL,1,59.8088
2012,ABRIL,2,72.3874
2012,ABRIL,3,69.1136
2012,ABRIL,4,62.7860
2012,ABRIL,5,43.1491
2012,ABRIL,6,40.1135
2012,ABRIL,7,51.0675
2012,ABRIL,8,39.3498
2012,ABRIL,9,52.1698
2012,ABRIL,10,48.1555
2012,ABRIL,11,41.9771
2012,ABRIL,12,51.6541
2012,ABRIL,13,56.6571
2012,ABRIL,14,48.0472
2012,ABRIL,15,46.2326
2012,ABRIL,16,60.8045
2012,ABRIL,17,59.2776
2012,ABRIL,18,61.7890
2012,ABRIL,19,71.1336
2012,ABRIL,20,62.2046
2012,ABRIL,21,67.5618
2012,ABRIL,22,60.5861
2012,ABRIL,23,85.1990
2012,ABRIL,24,91.8289
2012,ABRIL,25,69.1489
2012,ABRIL,26,53.3675
2012,ABRIL,27,49.8239
2012,ABRIL,28,43.2722
2012,ABRIL,29,40.8352
2012,ABRIL,30,50.3262
2012,MAYO,1,39.0909
2012,MAYO,2,47.2206
2012,MAYO,3,46.8098
2012,MAYO,4,56.5186
2012,MAYO,5,45.6409
2012,MAYO,6,48.1594
2012,MAYO,7,45.7213
2012,MAYO,8,47.8495
2012,MAYO,9,49.0141
2012,MAYO,10,51.3503
2012,MAYO,11,47.2707
2012,MAYO,12,39.4925
2012,MAYO,13,38.3980
2012,MAYO,14,45.0044
2012,MAYO,15,51.4660
2012,MAYO,16,54.6316
2012,MAYO,17,47.8918
2012,MAYO,18,48.1375
2012,MAYO,19,40.1094
2012,MAYO,20,39.0241
2012,MAYO,21,39.8148
2012,MAYO,22,47.2805
2012,MAYO,23,49.9257
2012,MAYO,24,63.9748
2012,MAYO,25,54.0165
2012,MAYO,26,40.2366
2012,MAYO,27,38.5857
2012,MAYO,28,46.8162
2012,MAYO,29,49.5599
2012,MAYO,30,48.1140
2012,MAYO,31,45.4934
2012,JUNIO,1,40.0247
2012,JUNIO,2,39.5040
2012,JUNIO,3,39.9223
2012,JUNIO,4,45.5651
2012,JUNIO,5,51.1055
2012,JUNIO,6,107.0605
2012,JUNIO,7,85.4481
2012,JUNIO,8,78.5261
2012,JUNIO,9,100.6620
2012,JUNIO,10,99.6167
2012,JUNIO,11,107.4354
2012,JUNIO,12,124.0176
2012,JUNIO,13,128.1345
2012,JUNIO,14,126.5263
2012,JUNIO,15,125.8048
2012,JUNIO,16,114.6001
2012,JUNIO,17,101.8305
2012,JUNIO,18,87.3497
2012,JUNIO,19,89.4588
2012,JUNIO,20,87.5900
2012,JUNIO,21,87.6532
2012,JUNIO,22,83.6356
2012,JUNIO,23,76.4492
2012,JUNIO,24,70.7118
2012,JUNIO,25,78.7730
2012,JUNIO,26,74.1264
2012,JUNIO,27,88.9527
2012,JUNIO,28,98.5471
2012,JUNIO,29,100.1338
2012,JUNIO,30,81.4159
2012,JULIO,1,77.9373
2012,JULIO,2,77.8895
2012,JULIO,3,82.1550
2012,JULIO,4,70.7466
2012,JULIO,5,77.5581
2012,JULIO,6,77.6033
2012,JULIO,7,66.4026
2012,JULIO,8,55.5122
2012,JULIO,9,65.3514
2012,JULIO,10,72.1538
2012,JULIO,11,74.6262
2012,JULIO,12,70.1985
2012,JULIO,13,67.7489
2012,JULIO,14,58.2259
2012,JULIO,15,55.1491
2012,JULIO,16,63.7551
2012,JULIO,17,66.2225
2012,JULIO,18,85.8275
2012,JULIO,19,87.8677
2012,JULIO,20,73.6291
2012,JULIO,21,59.8389
2012,JULIO,22,46.0775
2012,JULIO,23,63.5084
2012,JULIO,24,65.8740
2012,JULIO,25,77.7229
2012,JULIO,26,101.3351
2012,JULIO,27,126.9579
2012,JULIO,28,114.2773
2012,JULIO,29,115.7109
2012,JULIO,30,135.7161
2012,JULIO,31,120.9243
2012,AGOSTO,1,147.9775
2012,AGOSTO,2,138.3399
2012,AGOSTO,3,128.0850
2012,AGOSTO,4,140.7453
2012,AGOSTO,5,119.8609
2012,AGOSTO,6,134.9644
2012,AGOSTO,7,118.6962
2012,AGOSTO,8,131.7848
2012,AGOSTO,9,135.0464
2012,AGOSTO,10,146.3028
2012,AGOSTO,11,147.6785
2012,AGOSTO,12,143.2315
2012,AGOSTO,13,172.6214
2012,AGOSTO,14,169.0029
2012,AGOSTO,15,154.9430
2012,AGOSTO,16,155.5914
2012,AGOSTO,17,140.9974
2012,AGOSTO,18,133.3776
2012,AGOSTO,19,120.9857
2012,AGOSTO,20,119.9135
2012,AGOSTO,21,129.0914
2012,AGOSTO,22,126.7319
2012,AGOSTO,23,127.0950
2012,AGOSTO,24,130.1194
2012,AGOSTO,25,128.7454
2012,AGOSTO,26,131.4038
2012,AGOSTO,27,154.1625
2012,AGOSTO,28,150.1327
2012,AGOSTO,29,147.3252
2012,AGOSTO,30,148.2541
2012,AGOSTO,31,174.9207
2012,SEPTIEMBRE,1,140.7063
2012,SEPTIEMBRE,2,129.0069
2012,SEPTIEMBRE,3,133.3180
2012,SEPTIEMBRE,4,138.6486
2012,SEPTIEMBRE,5,141.3992
2012,SEPTIEMBRE,6,163.0205
2012,SEPTIEMBRE,7,153.5176
2012,SEPTIEMBRE,8,157.1342
2012,SEPTIEMBRE,9,152.6568
2012,SEPTIEMBRE,10,156.5625
2012,SEPTIEMBRE,11,167.1537
2012,SEPTIEMBRE,12,159.8664
2012,SEPTIEMBRE,13,163.7922
2012,SEPTIEMBRE,14,175.8734
2012,SEPTIEMBRE,15,158.5940
2012,SEPTIEMBRE,16,169.5927
2012,SEPTIEMBRE,17,193.4264
2012,SEPTIEMBRE,18,214.9911
2012,SEPTIEMBRE,19,195.5557
2012,SEPTIEMBRE,20,196.0377
2012,SEPTIEMBRE,21,218.4822
2012,SEPTIEMBRE,22,191.8781
2012,SEPTIEMBRE,23,194.5404
2012,SEPTIEMBRE,24,220.3307
2012,SEPTIEMBRE,25,224.0229
2012,SEPTIEMBRE,26,230.2768
2012,SEPTIEMBRE,27,216.5151
2012,SEPTIEMBRE,28,256.9936
2012,SEPTIEMBRE,29,242.7665
2012,SEPTIEMBRE,30,244.6752
2012,OCTUBRE,1,259.9230
2012,OCTUBRE,2,264.6850
2012,OCTUBRE,3,256.3955
2012,OCTUBRE,4,247.3216
2012,OCTUBRE,5,254.4126
2012,OCTUBRE,6,238.1299
2012,OCTUBRE,7,224.9005
2012,OCTUBRE,8,234.7860
2012,OCTUBRE,9,192.5209
2012,OCTUBRE,10,190.5665
2012,OCTUBRE,11,210.6065
2012,OCTUBRE,12,200.9460
2012,OCTUBRE,13,201.9932
2012,OCTUBRE,14,205.1710
2012,OCTUBRE,15,207.7505
2012,OCTUBRE,16,216.4633
2012,OCTUBRE,17,215.9551
2012,OCTUBRE,18,198.6863
2012,OCTUBRE,19,192.3861
2012,OCTUBRE,20,180.7265
2012,OCTUBRE,21,186.0977
2012,OCTUBRE,22,164.5318
2012,OCTUBRE,23,160.0639
2012,OCTUBRE,24,162.6997
2012,OCTUBRE,25,145.7857
2012,OCTUBRE,26,146.0564
2012,OCTUBRE,27,134.1760
2012,OCTUBRE,28,137.9755
2012,OCTUBRE,29,161.6672
2012,OCTUBRE,30,170.2538
2012,OCTUBRE,31,174.4843
2012,NOVIEMBRE,1,184.4298
2012,NOVIEMBRE,2,182.9431
2012,NOVIEMBRE,3,174.8805
2012,NOVIEMBRE,4,194.4742
2012,NOVIEMBRE,5,174.1478
2012,NOVIEMBRE,6,180.8689
2012,NOVIEMBRE,7,172.9152
2012,NOVIEMBRE,8,180.7969
2012,NOVIEMBRE,9,174.7305
2012,NOVIEMBRE,10,173.5086
2012,NOVIEMBRE,11,168.2145
2012,NOVIEMBRE,12,173.1504
2012,NOVIEMBRE,13,183.2455
2012,NOVIEMBRE,14,186.6159
2012,NOVIEMBRE,15,181.6448
2012,NOVIEMBRE,16,172.3979
2012,NOVIEMBRE,17,162.3518
2012,NOVIEMBRE,18,146.2485
2012,NOVIEMBRE,19,145.0707
2012,NOVIEMBRE,20,139.1898
2012,NOVIEMBRE,21,135.0846
2012,NOVIEMBRE,22,140.6066
2012,NOVIEMBRE,23,145.5081
2012,NOVIEMBRE,24,145.1112
2012,NOVIEMBRE,25,131.3363
2012,NOVIEMBRE,26,160.8747
2012,NOVIEMBRE,27,152.1408
2012,NOVIEMBRE,28,175.0436
2012,NOVIEMBRE,29,181.2782
2012,NOVIEMBRE,30,191.1374
2012,DICIEMBRE,1,166.8877
2012,DICIEMBRE,2,155.6737
2012,DICIEMBRE,3,161.9655
2012,DICIEMBRE,4,179.7611
2012,DICIEMBRE,5,184.5077
2012,DICIEMBRE,6,170.6054
2012,DICIEMBRE,7,180.0253
2012,DICIEMBRE,8,171.1846
2012,DICIEMBRE,9,178.3158
2012,DICIEMBRE,10,181.7658
2012,DICIEMBRE,11,176.7298
2012,DICIEMBRE,12,176.6863
2012,DICIEMBRE,13,191.7453
2012,DICIEMBRE,14,195.5533
2012,DICIEMBRE,15,199.2964
2012,DICIEMBRE,16,201.1797
2012,DICIEMBRE,17,203.1452
2012,DICIEMBRE,18,210.1555
2012,DICIEMBRE,19,205.3218
2012,DICIEMBRE,20,200.6648
2012,DICIEMBRE,21,193.4561
2012,DICIEMBRE,22,191.5555
2012,DICIEMBRE,23,182.8304
2012,DICIEMBRE,24,183.1404
2012,DICIEMBRE,25,167.4812
2012,DICIEMBRE,26,184.7666
2012,DICIEMBRE,27,165.9977
2012,DICIEMBRE,28,158.1447
2012,DICIEMBRE,29,153.9872
2012,DICIEMBRE,30,159.0383
2012,DICIEMBRE,31,158.9454
2013,ENERO,1,159.9090
2013,ENERO,2,190.4861
2013,ENERO,3,182.8927
2013,ENERO,4,187.6076
2013,ENERO,5,178.1612
2013,ENERO,6,174.2139
2013,ENERO,7,174.9355
2013,ENERO,8,174.9789
2013,ENERO,9,152.0566
2013,ENERO,10,181.6180
2013,ENERO,11,186.3199
2013,ENERO,12,184.8595
2013,ENERO,13,188.5146
2013,ENERO,14,192.1161
2013,ENERO,15,194.2137
2013,ENERO,16,192.6026
2013,ENERO,17,189.6561
2013,ENERO,18,191.1855
2013,ENERO,19,187.9842
2013,ENERO,20,191.1735
2013,ENERO,21,193.0257
2013,ENERO,22,183.2974
2013,ENERO,23,183.5358
2013,ENERO,24,190.3224
2013,ENERO,25,200.0913
2013,ENERO,26,186.0286
2013,ENERO,27,181.0481
2013,ENERO,28,189.7347
2013,ENERO,29,164.8503
2013,ENERO,30,184.5875
2013,ENERO,31,206.1195
2013,FEBRERO,1,204.8554
2013,FEBRERO,2,218.2126
2013,FEBRERO,3,231.2266
2013,FEBRERO,4,240.7883
2013,FEBRERO,5,214.5861
2013,FEBRERO,6,208.9338
2013,FEBRERO,7,220.3178
2013,FEBRERO,8,198.6100
2013,FEBRERO,9,197.8867
2013,FEBRERO,10,207.0703
2013,FEBRERO,11,195.7029
2013,FEBRERO,12,164.0026
2013,FEBRERO,13,185.9953
2013,FEBRERO,14,178.0786
2013,FEBRERO,15,175.9810
2013,FEBRERO,16,167.2221
2013,FEBRERO,17,161.1843
2013,FEBRERO,18,167.9223
2013,FEBRERO,19,148.3398
2013,FEBRERO,20,166.3393
2013,FEBRERO,21,159.8105
2013,FEBRERO,22,157.3920
2013,FEBRERO,23,158.0773
2013,FEBRERO,24,151.2604
2013,FEBRERO,25,147.2931
2013,FEBRERO,26,154.4962
2013,FEBRERO,27,147.3948
2013,FEBRERO,28,143.9789
2013,MARZO,1,153.1975
2013,MARZO,2,151.7897
2013,MARZO,3,145.4004
2013,MARZO,4,156.8578
2013,MARZO,5,209.4179
2013,MARZO,6,178.8814
2013,MARZO,7,176.1333
2013,MARZO,8,147.3355
2013,MARZO,9,174.7743
2013,MARZO,10,171.4697
2013,MARZO,11,167.0678
2013,MARZO,12,152.7640
2013,MARZO,13,142.2231
2013,MARZO,14,149.4285
2013,MARZO,15,140.8065
2013,MARZO,16,122.0277
2013,MARZO,17,128.5551
2013,MARZO,18,123.6167
2013,MARZO,19,125.8985
2013,MARZO,20,129.0377
2013,MARZO,21,96.2266
2013,MARZO,22,118.9739
2013,MARZO,23,107.0058
2013,MARZO,24,81.7012
2013,MARZO,25,94.7417
2013,MARZO,26,115.5138
2013,MARZO,27,97.7119
2013,MARZO,28,99.6173
2013,MARZO,29,106.5096
2013,MARZO,30,137.8467
2013,MARZO,31,161.1727
2013,ABRIL,1,157.3882
2013,ABRIL,2,173.0945
2013,ABRIL,3,176.0406
2013,ABRIL,4,178.6206
2013,ABRIL,5,181.5120
2013,ABRIL,6,179.9804
2013,ABRIL,7,205.9431
2013,ABRIL,8,198.7980
2013,ABRIL,9,220.6124
2013,ABRIL,10,224.3016
2013,ABRIL,11,242.1031
2013,ABRIL,12,275.4658
2013,ABRIL,13,259.4302
2013,ABRIL,14,299.2473
2013,ABRIL,15,359.7245
2013,ABRIL,16,394.2765
2013,ABRIL,17,398.8704
2013,ABRIL,18,391.2218
2013,ABRIL,19,341.0953
2013,ABRIL,20,356.9081
2013,ABRIL,21,233.3344
2013,ABRIL,22,191.3914
2013,ABRIL,23,152.8041
2013,ABRIL,24,143.7924
2013,ABRIL,25,148.4818
2013,ABRIL,26,163.1740
2013,ABRIL,27,162.4390
2013,ABRIL,28,160.0647
2013,ABRIL,29,160.1224
2013,ABRIL,30,164.4881
2013,MAYO,1,152.4218
2013,MAYO,2,153.9926
2013,MAYO,3,164.3260
2013,MAYO,4,166.1711
2013,MAYO,5,164.9338
2013,MAYO,6,160.4586
2013,MAYO,7,147.7317
2013,MAYO,8,159.3117
2013,MAYO,9,151.5400
2013,MAYO,10,154.7124
2013,MAYO,11,173.3057
2013,MAYO,12,153.0749
2013,MAYO,13,159.5883
2013,MAYO,14,169.1670
2013,MAYO,15,181.2768
2013,MAYO,16,167.5685
2013,MAYO,17,155.1117
2013,MAYO,18,151.1172
2013,MAYO,19,137.6268
2013,MAYO,20,139.4512
2013,MAYO,21,132.2860
2013,MAYO,22,136.8365
2013,MAYO,23,108.3821
2013,MAYO,24,121.5264
2013,MAYO,25,116.9222
2013,MAYO,26,54.5441
2013,MAYO,27,112.6252
2013,MAYO,28,100.1542
2013,MAYO,29,111.4544
2013,MAYO,30,87.0197
2013,MAYO,31,89.6314
2013,JUNIO,1,80.6184
2013,JUNIO,2,108.1288
2013,JUNIO,3,115.9574
2013,JUNIO,4,153.6851
2013,JUNIO,5,132.9867
2013,JUNIO,6,131.0200
2013,JUNIO,7,132.3781
2013,JUNIO,8,124.1970
2013,JUNIO,9,129.8339
2013,JUNIO,10,138.1375
2013,JUNIO,11,131.8440
2013,JUNIO,12,152.7957
2013,JUNIO,13,158.9819
2013,JUNIO,14,137.3109
2013,JUNIO,15,139.6911
2013,JUNIO,16,134.8843
2013,JUNIO,17,128.3709
2013,JUNIO,18,136.2414
2013,JUNIO,19,122.6491
2013,JUNIO,20,138.4379
2013,JUNIO,21,146.9098
2013,JUNIO,22,145.8478
2013,JUNIO,23,153.8605
2013,JUNIO,24,176.6947
2013,JUNIO,25,198.5542
2013,JUNIO,26,191.8243
2013,JUNIO,27,183.9613
2013,JUNIO,28,182.1551
2013,JUNIO,29,162.7995
2013,JUNIO,30,122.3136
2013,JULIO,1,147.1762
2013,JULIO,2,171.8159
2013,JULIO,3,180.3945
2013,JULIO,4,180.0213
2013,JULIO,5,192.7920
2013,JULIO,6,217.0925
2013,JULIO,7,248.7288
2013,JULIO,8,308.6964
2013,JULIO,9,340.7683
2013,JULIO,10,329.2602
2013,JULIO,11,331.5136
2013,JULIO,12,290.4499
2013,JULIO,13,202.6711
2013,JULIO,14,200.3747
2013,JULIO,15,225.5999
2013,JULIO,16,195.5718
2013,JULIO,17,192.9195
2013,JULIO,18,221.7484
2013,JULIO,19,198.2833
2013,JULIO,20,185.6149
2013,JULIO,21,186.2702
2013,JULIO,22,224.4619
2013,JULIO,23,219.0699
2013,JULIO,24,243.9624
2013,JULIO,25,247.9809
2013,JULIO,26,237.7620
2013,JULIO,27,280.8565
2013,JULIO,28,306.6867
2013,JULIO,29,242.4759
2013,JULIO,30,226.4210
2013,JULIO,31,218.9067
2013,AGOSTO,1,229.4132
2013,AGOSTO,2,199.5072
2013,AGOSTO,3,188.7899
2013,AGOSTO,4,173.9079
2013,AGOSTO,5,165.0665
2013,AGOSTO,6,153.5960
2013,AGOSTO,7,154.2585
2013,AGOSTO,8,188.6671
2013,AGOSTO,9,188.9039
2013,AGOSTO,10,189.6061
2013,AGOSTO,11,177.0550
2013,AGOSTO,12,163.3979
2013,AGOSTO,13,141.4341
2013,AGOSTO,14,139.7178
2013,AGOSTO,15,134.7766
2013,AGOSTO,16,157.7693
2013,AGOSTO,17,163.2882
2013,AGOSTO,18,137.6188
2013,AGOSTO,19,135.6846
2013,AGOSTO,20,138.4713
2013,AGOSTO,21,120.9245
2013,AGOSTO,22,123.4074
2013,AGOSTO,23,137.5256
2013,AGOSTO,24,131.7353
2013,AGOSTO,25,116.5782
2013,AGOSTO,26,129.4769
2013,AGOSTO,27,106.5998
2013,AGOSTO,28,104.6301
2013,AGOSTO,29,93.4248
2013,AGOSTO,30,134.1777
2013,AGOSTO,31,147.6403
2013,SEPTIEMBRE,1,139.1502
2013,SEPTIEMBRE,2,160.2313
2013,SEPTIEMBRE,3,147.0265
2013,SEPTIEMBRE,4,143.8748
2013,SEPTIEMBRE,5,138.8590
2013,SEPTIEMBRE,6,133.0637
2013,SEPTIEMBRE,7,120.1185
2013,SEPTIEMBRE,8,104.0448
2013,SEPTIEMBRE,9,134.8753
2013,SEPTIEMBRE,10,143.5156
2013,SEPTIEMBRE,11,149.8539
2013,SEPTIEMBRE,12,144.5335
2013,SEPTIEMBRE,13,157.3002
2013,SEPTIEMBRE,14,152.2253
2013,SEPTIEMBRE,15,138.6146
2013,SEPTIEMBRE,16,146.1002
2013,SEPTIEMBRE,17,155.7540
2013,SEPTIEMBRE,18,159.7275
2013,SEPTIEMBRE,19,154.1633
2013,SEPTIEMBRE,20,135.8804
2013,SEPTIEMBRE,21,119.1560
2013,SEPTIEMBRE,22,118.0623
2013,SEPTIEMBRE,23,138.1077
2013,SEPTIEMBRE,24,167.0819
2013,SEPTIEMBRE,25,162.8510
2013,SEPTIEMBRE,26,158.3684
2013,SEPTIEMBRE,27,152.2081
2013,SEPTIEMBRE,28,152.4467
2013,SEPTIEMBRE,29,150.6850
2013,SEPTIEMBRE,30,148.2973
2013,OCTUBRE,1,147.6370
2013,OCTUBRE,2,148.9253
2013,OCTUBRE,3,170.7641
2013,OCTUBRE,4,156.3583
2013,OCTUBRE,5,153.7783
2013,OCTUBRE,6,122.8113
2013,OCTUBRE,7,172.2288
2013,OCTUBRE,8,169.3719
2013,OCTUBRE,9,176.5289
2013,OCTUBRE,10,163.8167
2013,OCTUBRE,11,163.7070
2013,OCTUBRE,12,171.0337
2013,OCTUBRE,13,173.3662
2013,OCTUBRE,14,180.5393
2013,OCTUBRE,15,176.8920
2013,OCTUBRE,16,194.6416
2013,OCTUBRE,17,190.7766
2013,OCTUBRE,18,186.6235
2013,OCTUBRE,19,184.9563
2013,OCTUBRE,20,202.0045
2013,OCTUBRE,21,200.8550
2013,OCTUBRE,22,259.2721
2013,OCTUBRE,23,263.7061
2013,OCTUBRE,24,265.0748
2013,OCTUBRE,25,269.5117
2013,OCTUBRE,26,276.2791
2013,OCTUBRE,27,260.4474
2013,OCTUBRE,28,291.9215
2013,OCTUBRE,29,309.7118
2013,OCTUBRE,30,383.8124
2013,OCTUBRE,31,382.7352
2013,NOVIEMBRE,1,420.3983
2013,NOVIEMBRE,2,350.4644
2013,NOVIEMBRE,3,277.8478
2013,NOVIEMBRE,4,394.7712
2013,NOVIEMBRE,5,331.4314
2013,NOVIEMBRE,6,294.1722
2013,NOVIEMBRE,7,229.5608
2013,NOVIEMBRE,8,190.9570
2013,NOVIEMBRE,9,169.1467
2013,NOVIEMBRE,10,156.5808
2013,NOVIEMBRE,11,178.3660
2013,NOVIEMBRE,12,192.1138
2013,NOVIEMBRE,13,183.9782
2013,NOVIEMBRE,14,169.2688
2013,NOVIEMBRE,15,163.4153
2013,NOVIEMBRE,16,155.1302
2013,NOVIEMBRE,17,167.5369
2013,NOVIEMBRE,18,167.5286
2013,NOVIEMBRE,19,175.6733
2013,NOVIEMBRE,20,173.7550
2013,NOVIEMBRE,21,178.8775
2013,NOVIEMBRE,22,174.4996
2013,NOVIEMBRE,23,166.6656
2013,NOVIEMBRE,24,169.4375
2013,NOVIEMBRE,25,170.8004
2013,NOVIEMBRE,26,172.3437
2013,NOVIEMBRE,27,153.5492
2013,NOVIEMBRE,28,175.6147
2013,NOVIEMBRE,29,176.9707
2013,NOVIEMBRE,30,230.7096
2013,DICIEMBRE,1,183.9470
2013,DICIEMBRE,2,208.3152
2013,DICIEMBRE,3,172.0218
2013,DICIEMBRE,4,168.5921
2013,DICIEMBRE,5,152.7343
2013,DICIEMBRE,6,159.6828
2013,DICIEMBRE,7,179.0158
2013,DICIEMBRE,8,173.5625
2013,DICIEMBRE,9,189.7577
2013,DICIEMBRE,10,182.3283
2013,DICIEMBRE,11,178.1995
2013,DICIEMBRE,12,169.2946
2013,DICIEMBRE,13,154.5909
2013,DICIEMBRE,14,173.0316
2013,DICIEMBRE,15,178.7342
2013,DICIEMBRE,16,180.1280
2013,DICIEMBRE,17,187.1822
2013,DICIEMBRE,18,193.1048
2013,DICIEMBRE,19,173.1821
2013,DICIEMBRE,20,164.8723
2013,DICIEMBRE,21,164.3955
2013,DICIEMBRE,22,166.7343
2013,DICIEMBRE,23,159.3711
2013,DICIEMBRE,24,152.9698
2013,DICIEMBRE,25,103.8316
2013,DICIEMBRE,26,110.9840
2013,DICIEMBRE,27,102.9722
2013,DICIEMBRE,28,109.2085
2013,DICIEMBRE,29,151.5358
2013,DICIEMBRE,30,165.5482
2013,DICIEMBRE,31,175.1941
2014,ENERO,1,148.3800
2014,ENERO,2,148.8382
2014,ENERO,3,165.1438
2014,ENERO,4,158.0280
2014,ENERO,5,170.0426
2014,ENERO,6,186.5662
2014,ENERO,7,171.3456
2014,ENERO,8,164.4326
2014,ENERO,9,161.1229
2014,ENERO,10,160.7143
2014,ENERO,11,139.2665
2014,ENERO,12,112.1918
2014,ENERO,13,156.6860
2014,ENERO,14,150.2621
2014,ENERO,15,149.8814
2014,ENERO,16,148.7203
2014,ENERO,17,153.3363
2014,ENERO,18,159.8920
2014,ENERO,19,159.1517
2014,ENERO,20,166.7104
2014,ENERO,21,157.7612
2014,ENERO,22,159.1024
2014,ENERO,23,162.5824
2014,ENERO,24,159.7300
2014,ENERO,25,155.7304
2014,ENERO,26,168.2764
2014,ENERO,27,166.6764
2014,ENERO,28,169.7030
2014,ENERO,29,179.2370
2014,ENERO,30,175.5339
2014,ENERO,31,189.6821
2014,FEBRERO,1,179.5893
2014,FEBRERO,2,191.8300
2014,FEBRERO,3,192.4403
2014,FEBRERO,4,194.6675
2014,FEBRERO,5,211.5235
2014,FEBRERO,6,209.0349
2014,FEBRERO,7,203.3456
2014,FEBRERO,8,201.7830
2014,FEBRERO,9,190.9343
2014,FEBRERO,10,190.7805
2014,FEBRERO,11,212.9147
2014,FEBRERO,12,189.2680
2014,FEBRERO,13,186.0018
2014,FEBRERO,14,187.8471
2014,FEBRERO,15,202.3513
2014,FEBRERO,16,199.5015
2014,FEBRERO,17,194.0673
2014,FEBRERO,18,189.7973
2014,FEBRERO,19,184.7911
2014,FEBRERO,20,190.9644
2014,FEBRERO,21,172.0841
2014,FEBRERO,22,182.5745
2014,FEBRERO,23,168.7454
2014,FEBRERO,24,165.9946
2014,FEBRERO,25,167.8801
2014,FEBRERO,26,177.6028
2014,FEBRERO,27,167.7186
2014,FEBRERO,28,156.9895
2014,MARZO,1,149.3237
2014,MARZO,2,144.7525
2014,MARZO,3,166.3744
2014,MARZO,4,163.3214
2014,MARZO,5,159.7244
2014,MARZO,6,154.9680
2014,MARZO,7,145.3050
2014,MARZO,8,142.8468
2014,MARZO,9,134.8888
2014,MARZO,10,135.6074
2014,MARZO,11,161.9462
2014,MARZO,12,152.5558
2014,MARZO,13,144.4741
2014,MARZO,14,142.3999
2014,MARZO,15,148.9212
2014,MARZO,16,128.2476
2014,MARZO,17,147.7647
2014,MARZO,18,138.9518
2014,MARZO,19,141.3355
2014,MARZO,20,135.2880
2014,MARZO,21,159.4694
2014,MARZO,22,170.3290
2014,MARZO,23,179.3178
2014,MARZO,24,165.8200
2014,MARZO,25,165.1407
2014,MARZO,26,177.4251
2014,MARZO,27,155.2840
2014,MARZO,28,157.3041
2014,MARZO,29,138.6215
2014,MARZO,30,139.6998
2014,MARZO,31,142.9874
2014,ABRIL,1,150.9099
2014,ABRIL,2,183.4965
2014,ABRIL,3,216.3076
2014,ABRIL,4,285.7261
2014,ABRIL,5,241.3985
2014,ABRIL,6,217.6451
2014,ABRIL,7,318.5291
2014,ABRIL,8,318.6101
2014,ABRIL,9,334.4099
2014,ABRIL,10,363.2469
2014,ABRIL,11,334.4255
2014,ABRIL,12,323.1612
2014,ABRIL,13,335.7705
2014,ABRIL,14,355.7347
2014,ABRIL,15,401.1405
2014,ABRIL,16,425.5915
2014,ABRIL,17,459.4383
2014,ABRIL,18,450.6832
2014,ABRIL,19,426.5379
2014,ABRIL,20,429.9546
2014,ABRIL,21,467.0920
2014,ABRIL,22,469.0462
2014,ABRIL,23,454.1636
2014,ABRIL,24,471.4582
2014,ABRIL,25,478.8750
2014,ABRIL,26,474.9099
2014,ABRIL,27,459.4172
2014,ABRIL,28,445.9988
2014,ABRIL,29,457.4871
2014,ABRIL,30,461.2428
2014,MAYO,1,410.0951
2014,MAYO,2,447.5979
2014,MAYO,3,422.7423
2014,MAYO,4,428.5896
2014,MAYO,5,389.2706
2014,MAYO,6,431.2543
2014,MAYO,7,409.3999
2014,MAYO,8,419.5185
2014,MAYO,9,425.7653
2014,MAYO,10,453.9291
2014,MAYO,11,355.8656
2014,MAYO,12,407.8874
2014,MAYO,13,326.3946
2014,MAYO,14,309.3445
2014,MAYO,15,287.2237
2014,MAYO,16,339.5365
2014,MAYO,17,277.5587
2014,MAYO,18,258.1362
2014,MAYO,19,330.1153
2014,MAYO,20,325.3520
2014,MAYO,21,352.8631
2014,MAYO,22,369.2434
2014,MAYO,23,374.8872
2014,MAYO,24,375.2726
2014,MAYO,25,381.1859
2014,MAYO,26,386.1684
2014,MAYO,27,383.4060
2014,MAYO,28,403.1710
2014,MAYO,29,444.3265
2014,MAYO,30,462.6787
2014,MAYO,31,452.5691
2014,JUNIO,1,421.5178
2014,JUNIO,2,371.1812
2014,JUNIO,3,417.6072
2014,JUNIO,4,437.1305
2014,JUNIO,5,436.9510
2014,JUNIO,6,473.1621
2014,JUNIO,7,473.0408
2014,JUNIO,8,466.5436
2014,JUNIO,9,385.2130
2014,JUNIO,10,364.5134
2014,JUNIO,11,426.8256
2014,JUNIO,12,416.2276
2014,JUNIO,13,396.8793
2014,JUNIO,14,390.5985
2014,JUNIO,15,303.6497
2014,JUNIO,16,328.2752
2014,JUNIO,17,293.7428
2014,JUNIO,18,335.6205
2014,JUNIO,19,361.8851
2014,JUNIO,20,371.1749
2014,JUNIO,21,322.6628
2014,JUNIO,22,219.8499
2014,JUNIO,23,225.3994
2014,JUNIO,24,355.4020
2014,JUNIO,25,305.0340
2014,JUNIO,26,246.5564
2014,JUNIO,27,125.1261
2014,JUNIO,28,125.5048
2014,JUNIO,29,123.8501
2014,JUNIO,30,125.0194
2014,JULIO,1,188.5779
2014,JULIO,2,151.7279
2014,JULIO,3,190.8073
2014,JULIO,4,159.6698
2014,JULIO,5,146.4639
2014,JULIO,6,147.9894
2014,JULIO,7,197.5190
2014,JULIO,8,270.3998
2014,JULIO,9,177.1072
2014,JULIO,10,155.9935
2014,JULIO,11,148.6269
2014,JULIO,12,156.2145
2014,JULIO,13,152.3901
2014,JULIO,14,142.7423
2014,JULIO,15,137.7659
2014,JULIO,16,125.6801
2014,JULIO,17,123.7379
2014,JULIO,18,128.5088
2014,JULIO,19,159.8892
2014,JULIO,20,147.5887
2014,JULIO,21,155.8086
2014,JULIO,22,175.3426
2014,JULIO,23,187.2256
2014,JULIO,24,175.5426
2014,JULIO,25,179.8535
2014,JULIO,26,167.2311
2014,JULIO,27,161.0842
2014,JULIO,28,266.2828
2014,JULIO,29,322.3418
2014,JULIO,30,355.6736
2014,JULIO,31,368.9720
2014,AGOSTO,1,364.3250
2014,AGOSTO,2,340.9901
2014,AGOSTO,3,185.0088
2014,AGOSTO,4,283.8781
2014,AGOSTO,5,287.0112
2014,AGOSTO,6,308.1804
2014,AGOSTO,7,257.7040
2014,AGOSTO,8,190.7995
2014,AGOSTO,9,159.5454
2014,AGOSTO,10,148.8165
2014,AGOSTO,11,177.7537
2014,AGOSTO,12,168.9835
2014,AGOSTO,13,151.0941
2014,AGOSTO,14,158.3771
2014,AGOSTO,15,182.5805
2014,AGOSTO,16,171.4944
2014,AGOSTO,17,146.7805
2014,AGOSTO,18,153.9755
2014,AGOSTO,19,195.0261
2014,AGOSTO,20,187.3446
2014,AGOSTO,21,187.1681
2014,AGOSTO,22,172.9792
2014,AGOSTO,23,158.7829
2014,AGOSTO,24,160.4819
2014,AGOSTO,25,169.2819
2014,AGOSTO,26,172.3543
2014,AGOSTO,27,264.8964
2014,AGOSTO,28,213.8580
2014,AGOSTO,29,178.0603
2014,AGOSTO,30,155.1720
2014,AGOSTO,31,152.4817
2014,SEPTIEMBRE,1,187.8503
2014,SEPTIEMBRE,2,211.7914
2014,SEPTIEMBRE,3,276.9790
2014,SEPTIEMBRE,4,241.0639
2014,SEPTIEMBRE,5,217.2287
2014,SEPTIEMBRE,6,179.5564
2014,SEPTIEMBRE,7,174.1948
2014,SEPTIEMBRE,8,182.4862
2014,SEPTIEMBRE,9,185.8092
2014,SEPTIEMBRE,10,195.1841
2014,SEPTIEMBRE,11,173.3578
2014,SEPTIEMBRE,12,166.0860
2014,SEPTIEMBRE,13,162.4903
2014,SEPTIEMBRE,14,149.4383
2014,SEPTIEMBRE,15,167.5647
2014,SEPTIEMBRE,16,141.6008
2014,SEPTIEMBRE,17,153.8447
2014,SEPTIEMBRE,18,155.7979
2014,SEPTIEMBRE,19,143.5574
2014,SEPTIEMBRE,20,138.7816
2014,SEPTIEMBRE,21,132.0616
2014,SEPTIEMBRE,22,137.7461
2014,SEPTIEMBRE,23,132.4110
2014,SEPTIEMBRE,24,142.1458
2014,SEPTIEMBRE,25,165.6739
2014,SEPTIEMBRE,26,192.5183
2014,SEPTIEMBRE,27,200.7043
2014,SEPTIEMBRE,28,200.2334
2014,SEPTIEMBRE,29,194.1212
2014,SEPTIEMBRE,30,217.2762
2014,OCTUBRE,1,225.6634
2014,OCTUBRE,2,246.8535
2014,OCTUBRE,3,267.2728
2014,OCTUBRE,4,307.6186
2014,OCTUBRE,5,295.0569
2014,OCTUBRE,6,330.7168
2014,OCTUBRE,7,291.7561
2014,OCTUBRE,8,261.5966
2014,OCTUBRE,9,187.8612
2014,OCTUBRE,10,177.9208
2014,OCTUBRE,11,159.5542
2014,OCTUBRE,12,139.3623
2014,OCTUBRE,13,183.1880
2014,OCTUBRE,14,182.1624
2014,OCTUBRE,15,169.3333
2014,OCTUBRE,16,200.4419
2014,OCTUBRE,17,211.1367
2014,OCTUBRE,18,201.3578
2014,OCTUBRE,19,187.0049
2014,OCTUBRE,20,198.2564
2014,OCTUBRE,21,182.3749
2014,OCTUBRE,22,177.3927
2014,OCTUBRE,23,178.6299
2014,OCTUBRE,24,181.1609
2014,OCTUBRE,25,175.3422
2014,OCTUBRE,26,174.2193
2014,OCTUBRE,27,178.1154
2014,OCTUBRE,28,174.7240
2014,OCTUBRE,29,190.9582
2014,OCTUBRE,30,200.7200
2014,OCTUBRE,31,180.0646
2014,NOVIEMBRE,1,195.0698
2014,NOVIEMBRE,2,167.6280
2014,NOVIEMBRE,3,174.2036
2014,NOVIEMBRE,4,176.2712
2014,NOVIEMBRE,5,183.4846
2014,NOVIEMBRE,6,180.4377
2014,NOVIEMBRE,7,181.3303
2014,NOVIEMBRE,8,179.4969
2014,NOVIEMBRE,9,173.6386
2014,NOVIEMBRE,10,164.5256
2014,NOVIEMBRE,11,179.0261
2014,NOVIEMBRE,12,156.9354
2014,NOVIEMBRE,13,179.6554
2014,NOVIEMBRE,14,153.9761
2014,NOVIEMBRE,15,157.1441
2014,NOVIEMBRE,16,124.2690
2014,NOVIEMBRE,17,162.5150
2014,NOVIEMBRE,18,164.2237
2014,NOVIEMBRE,19,172.8245
2014,NOVIEMBRE,20,162.3390
2014,NOVIEMBRE,21,167.8567
2014,NOVIEMBRE,22,162.8764
2014,NOVIEMBRE,23,163.4750
2014,NOVIEMBRE,24,164.8619
2014,NOVIEMBRE,25,167.8213
2014,NOVIEMBRE,26,155.5219
2014,NOVIEMBRE,27,159.0854
2014,NOVIEMBRE,28,155.1309
2014,NOVIEMBRE,29,155.7636
2014,NOVIEMBRE,30,155.6563
2014,DICIEMBRE,1,173.5718
2014,DICIEMBRE,2,191.0565
2014,DICIEMBRE,3,195.5242
2014,DICIEMBRE,4,199.1299
2014,DICIEMBRE,5,220.2672
2014,DICIEMBRE,6,221.1772
2014,DICIEMBRE,7,202.7725
2014,DICIEMBRE,8,209.0367
2014,DICIEMBRE,9,199.3141
2014,DICIEMBRE,10,208.5002
2014,DICIEMBRE,11,177.1921
2014,DICIEMBRE,12,180.6923
2014,DICIEMBRE,13,189.0169
2014,DICIEMBRE,14,152.5901
2014,DICIEMBRE,15,177.7695
2014,DICIEMBRE,16,160.0126
2014,DICIEMBRE,17,170.3008
2014,DICIEMBRE,18,162.8103
2014,DICIEMBRE,19,155.5088
2014,DICIEMBRE,20,110.6268
2014,DICIEMBRE,21,181.9197
2014,DICIEMBRE,22,194.8623
2014,DICIEMBRE,23,161.5100
2014,DICIEMBRE,24,161.1432
2014,DICIEMBRE,25,142.7221
2014,DICIEMBRE,26,140.7745
2014,DICIEMBRE,27,148.4590
2014,DICIEMBRE,28,155.9626
2014,DICIEMBRE,29,166.5240
2014,DICIEMBRE,30,159.1394
2014,DICIEMBRE,31,156.8072
2015,ENERO,1,178.6055
2015,ENERO,2,180.8352
2015,ENERO,3,199.9058
2015,ENERO,4,237.9138
2015,ENERO,5,208.0809
2015,ENERO,6,213.0111
2015,ENERO,7,230.1562
2015,ENERO,8,228.4053
2015,ENERO,9,199.3047
2015,ENERO,10,204.1180
2015,ENERO,11,201.7523
2015,ENERO,12,196.1387
2015,ENERO,13,194.3106
2015,ENERO,14,187.2911
2015,ENERO,15,171.4592
2015,ENERO,16,224.0695
2015,ENERO,17,204.7328
2015,ENERO,18,179.4293
2015,ENERO,19,171.2154
2015,ENERO,20,170.5381
2015,ENERO,21,185.2635
2015,ENERO,22,171.4160
2015,ENERO,23,164.5261
2015,ENERO,24,159.6224
2015,ENERO,25,151.4981
2015,ENERO,26,156.7714
2015,ENERO,27,171.7250
2015,ENERO,28,164.3118
2015,ENERO,29,154.9100
2015,ENERO,30,187.3259
2015,ENERO,31,166.8296
2015,FEBRERO,1,166.5204
2015,FEBRERO,2,156.2160
2015,FEBRERO,3,181.2077
2015,FEBRERO,4,171.5252
2015,FEBRERO,5,178.2540
2015,FEBRERO,6,179.2247
2015,FEBRERO,7,176.6043
2015,FEBRERO,8,164.0662
2015,FEBRERO,9,151.3883
2015,FEBRERO,10,166.6348
2015,FEBRERO,11,165.7754
2015,FEBRERO,12,164.9930
2015,FEBRERO,13,158.0801
2015,FEBRERO,14,138.7142
2015,FEBRERO,15,127.5798
2015,FEBRERO,16,131.3638
2015,FEBRERO,17,135.9064
2015,FEBRERO,18,154.1042
2015,FEBRERO,19,166.5977
2015,FEBRERO,20,164.8123
2015,FEBRERO,21,163.8605
2015,FEBRERO,22,174.7079
2015,FEBRERO,23,182.8931
2015,FEBRERO,24,183.4623
2015,FEBRERO,25,200.3188
2015,FEBRERO,26,189.6852
2015,FEBRERO,27,190.3101
2015,FEBRERO,28,169.6679
2015,MARZO,1,172.0758
2015,MARZO,2,184.5607
2015,MARZO,3,196.0064
2015,MARZO,4,209.4962
2015,MARZO,5,231.2539
2015,MARZO,6,218.2726
2015,MARZO,7,206.1539
2015,MARZO,8,193.3848
2015,MARZO,9,215.7422
2015,MARZO,10,209.2556
2015,MARZO,11,209.1388
2015,MARZO,12,223.1185
2015,MARZO,13,228.7506
2015,MARZO,14,224.0709
2015,MARZO,15,208.8584
2015,MARZO,16,242.5165
2015,MARZO,17,234.5468
2015,MARZO,18,220.1436
2015,MARZO,19,220.8879
2015,MARZO,20,191.7886
2015,MARZO,21,176.7425
2015,MARZO,22,171.2201
2015,MARZO,23,157.8529
2015,MARZO,24,170.7261
2015,MARZO,25,204.9329
2015,MARZO,26,200.3156
2015,MARZO,27,192.3745
2015,MARZO,28,210.8349
2015,MARZO,29,216.2005
2015,MARZO,30,217.7445
2015,MARZO,31,211.6244
2015,ABRIL,1,186.2019
2015,ABRIL,2,173.4046
2015,ABRIL,3,171.6676
2015,ABRIL,4,189.3450
2015,ABRIL,5,187.3731
2015,ABRIL,6,183.1160
2015,ABRIL,7,182.0892
2015,ABRIL,8,187.8255
2015,ABRIL,9,188.1510
2015,ABRIL,10,174.9661
2015,ABRIL,11,171.1586
2015,ABRIL,12,167.1864
2015,ABRIL,13,185.7500
2015,ABRIL,14,197.1441
2015,ABRIL,15,160.2616
2015,ABRIL,16,152.5730
2015,ABRIL,17,136.8633
2015,ABRIL,18,134.0676
2015,ABRIL,19,128.9426
2015,ABRIL,20,128.8843
2015,ABRIL,21,142.4824
2015,ABRIL,22,130.0768
2015,ABRIL,23,159.1478
2015,ABRIL,24,163.6020
2015,ABRIL,25,145.5611
2015,ABRIL,26,155.5027
2015,ABRIL,27,138.5581
2015,ABRIL,28,146.2179
2015,ABRIL,29,134.3399
2015,ABRIL,30,136.6729
2015,MAYO,1,163.3262
2015,MAYO,2,158.9827
2015,MAYO,3,155.7921
2015,MAYO,4,172.4060
2015,MAYO,5,171.0403
2015,MAYO,6,179.2769
2015,MAYO,7,200.7587
2015,MAYO,8,195.6904
2015,MAYO,9,211.5086
2015,MAYO,10,219.1366
2015,MAYO,11,266.1834
2015,MAYO,12,304.8477
2015,MAYO,13,323.4639
2015,MAYO,14,381.4933
2015,MAYO,15,447.0349
2015,MAYO,16,459.7447
2015,MAYO,17,313.5066
2015,MAYO,18,389.0974
2015,MAYO,19,327.2916
2015,MAYO,20,230.5482
2015,MAYO,21,213.7719
2015,MAYO,22,217.7893
2015,MAYO,23,218.9113
2015,MAYO,24,205.0875
2015,MAYO,25,246.6659
2015,MAYO,26,290.5653
2015,MAYO,27,304.9819
2015,MAYO,28,334.5181
2015,MAYO,29,287.2339
2015,MAYO,30,239.6653
2015,MAYO,31,204.8463
2015,JUNIO,1,195.0711
2015,JUNIO,2,196.7762
2015,JUNIO,3,217.5005
2015,JUNIO,4,223.0470
2015,JUNIO,5,214.2321
2015,JUNIO,6,199.6710
2015,JUNIO,7,184.7871
2015,JUNIO,8,180.8476
2015,JUNIO,9,183.0755
2015,JUNIO,10,188.8993
2015,JUNIO,11,198.7267
2015,JUNIO,12,206.4687
2015,JUNIO,13,186.1231
2015,JUNIO,14,167.7713
2015,JUNIO,15,174.6879
2015,JUNIO,16,213.0755
2015,JUNIO,17,221.5652
2015,JUNIO,18,215.8315
2015,JUNIO,19,205.7951
2015,JUNIO,20,192.1667
2015,JUNIO,21,149.8684
2015,JUNIO,22,181.6708
2015,JUNIO,23,161.6260
2015,JUNIO,24,164.2363
2015,JUNIO,25,196.9582
2015,JUNIO,26,196.4351
2015,JUNIO,27,170.0554
2015,JUNIO,28,92.7283
2015,JUNIO,29,137.2175
2015,JUNIO,30,175.5812
2015,JULIO,1,194.7373
2015,JULIO,2,180.6578
2015,JULIO,3,190.6016
2015,JULIO,4,193.4403
2015,JULIO,5,197.9696
2015,JULIO,6,241.1024
2015,JULIO,7,240.1577
2015,JULIO,8,245.9257
2015,JULIO,9,232.8611
2015,JULIO,10,244.4544
2015,JULIO,11,220.8200
2015,JULIO,12,204.8357
2015,JULIO,13,218.4095
2015,JULIO,14,224.5990
2015,JULIO,15,228.7163
2015,JULIO,16,243.5848
2015,JULIO,17,236.3209
2015,JULIO,18,234.8924
2015,JULIO,19,186.7551
2015,JULIO,20,156.1733
2015,JULIO,21,188.5972
2015,JULIO,22,211.8792
2015,JULIO,23,214.8753
2015,JULIO,24,174.2166
2015,JULIO,25,160.5205
2015,JULIO,26,189.5166
2015,JULIO,27,214.7312
2015,JULIO,28,173.2351
2015,JULIO,29,222.8382
2015,JULIO,30,160.4569
2015,JULIO,31,163.0185
2015,AGOSTO,1,151.9956
2015,AGOSTO,2,135.8344
2015,AGOSTO,3,198.4867
2015,AGOSTO,4,207.6255
2015,AGOSTO,5,237.6045
2015,AGOSTO,6,211.3260
2015,AGOSTO,7,179.9637
2015,AGOSTO,8,182.1748
2015,AGOSTO,9,182.1449
2015,AGOSTO,10,202.4367
2015,AGOSTO,11,211.7080
2015,AGOSTO,12,198.0149
2015,AGOSTO,13,201.0575
2015,AGOSTO,14,215.4580
2015,AGOSTO,15,204.9238
2015,AGOSTO,16,185.4714
2015,AGOSTO,17,175.9506
2015,AGOSTO,18,180.8503
2015,AGOSTO,19,170.3889
2015,AGOSTO,20,179.4714
2015,AGOSTO,21,201.1800
2015,AGOSTO,22,158.5433
2015,AGOSTO,23,141.4964
2015,AGOSTO,24,191.1336
2015,AGOSTO,25,202.1505
2015,AGOSTO,26,171.6583
2015,AGOSTO,27,172.8151
2015,AGOSTO,28,151.9706
2015,AGOSTO,29,146.1444
2015,AGOSTO,30,150.9997
2015,AGOSTO,31,193.9814
2015,SEPTIEMBRE,1,240.8579
2015,SEPTIEMBRE,2,247.3287
2015,SEPTIEMBRE,3,262.5622
2015,SEPTIEMBRE,4,261.5497
2015,SEPTIEMBRE,5,260.3169
2015,SEPTIEMBRE,6,257.3634
2015,SEPTIEMBRE,7,261.7682
2015,SEPTIEMBRE,8,256.5051
2015,SEPTIEMBRE,9,250.9287
2015,SEPTIEMBRE,10,220.9464
2015,SEPTIEMBRE,11,234.6368
2015,SEPTIEMBRE,12,238.3786
2015,SEPTIEMBRE,13,214.9812
2015,SEPTIEMBRE,14,271.0859
2015,SEPTIEMBRE,15,286.6261
2015,SEPTIEMBRE,16,300.7768
2015,SEPTIEMBRE,17,312.6627
2015,SEPTIEMBRE,18,299.7816
2015,SEPTIEMBRE,19,318.6748
2015,SEPTIEMBRE,20,331.5575
2015,SEPTIEMBRE,21,426.9090
2015,SEPTIEMBRE,22,706.1201
2015,SEPTIEMBRE,23,897.5625
2015,SEPTIEMBRE,24,804.0080
2015,SEPTIEMBRE,25,870.6458
2015,SEPTIEMBRE,26,930.3813
2015,SEPTIEMBRE,27,919.8125
2015,SEPTIEMBRE,28,966.3639
2015,SEPTIEMBRE,29,966.8942
2015,SEPTIEMBRE,30,947.0541
2015,OCTUBRE,1,1223.7600
2015,OCTUBRE,2,1631.7700
2015,OCTUBRE,3,1892.8300
2015,OCTUBRE,4,1705.0700
2015,OCTUBRE,5,1803.8000
2015,OCTUBRE,6,1846.6300
2015,OCTUBRE,7,1847.6800
2015,OCTUBRE,8,1942.6900
2015,OCTUBRE,9,1866.3800
2015,OCTUBRE,10,966.8024
2015,OCTUBRE,11,608.3744
2015,OCTUBRE,12,1022.1700
2015,OCTUBRE,13,1183.5800
2015,OCTUBRE,14,1233.9300
2015,OCTUBRE,15,1013.1200
2015,OCTUBRE,16,1004.3700
2015,OCTUBRE,17,885.4588
2015,OCTUBRE,18,553.7907
2015,OCTUBRE,19,613.8164
2015,OCTUBRE,20,711.7282
2015,OCTUBRE,21,781.1431
2015,OCTUBRE,22,793.8816
2015,OCTUBRE,23,800.2812
2015,OCTUBRE,24,794.9507
2015,OCTUBRE,25,794.2127
2015,OCTUBRE,26,788.6500
2015,OCTUBRE,27,790.4006
2015,OCTUBRE,28,800.8952
2015,OCTUBRE,29,800.7798
2015,OCTUBRE,30,801.4003
2015,OCTUBRE,31,800.8330
2015,NOVIEMBRE,1,810.7219
2015,NOVIEMBRE,2,810.0091
2015,NOVIEMBRE,3,796.2025
2015,NOVIEMBRE,4,810.0096
2015,NOVIEMBRE,5,806.0569
2015,NOVIEMBRE,6,792.2105
2015,NOVIEMBRE,7,734.6323
2015,NOVIEMBRE,8,557.1161
2015,NOVIEMBRE,9,695.0550
2015,NOVIEMBRE,10,682.6969
2015,NOVIEMBRE,11,712.8952
2015,NOVIEMBRE,12,700.5527
2015,NOVIEMBRE,13,668.2634
2015,NOVIEMBRE,14,740.4513
2015,NOVIEMBRE,15,822.4446
2015,NOVIEMBRE,16,822.8815
2015,NOVIEMBRE,17,822.2751
2015,NOVIEMBRE,18,822.3408
2015,NOVIEMBRE,19,822.4411
2015,NOVIEMBRE,20,796.8569
2015,NOVIEMBRE,21,821.4876
2015,NOVIEMBRE,22,604.8551
2015,NOVIEMBRE,23,745.1705
2015,NOVIEMBRE,24,724.6453
2015,NOVIEMBRE,25,818.7542
2015,NOVIEMBRE,26,817.9091
2015,NOVIEMBRE,27,816.9767
2015,NOVIEMBRE,28,810.6246
2015,NOVIEMBRE,29,809.0784
2015,NOVIEMBRE,30,814.1450
2015,DICIEMBRE,1,815.1708
2015,DICIEMBRE,2,816.8703
2015,DICIEMBRE,3,809.0814
2015,DICIEMBRE,4,811.3317
2015,DICIEMBRE,5,800.1087
2015,DICIEMBRE,6,737.9606
2015,DICIEMBRE,7,719.5846
2015,DICIEMBRE,8,671.0087
2015,DICIEMBRE,9,664.4422
2015,DICIEMBRE,10,641.4806
2015,DICIEMBRE,11,655.8372
2015,DICIEMBRE,12,613.2507
2015,DICIEMBRE,13,563.4576
2015,DICIEMBRE,14,629.8969
2015,DICIEMBRE,15,547.6332
2015,DICIEMBRE,16,575.4518
2015,DICIEMBRE,17,535.4979
2015,DICIEMBRE,18,588.0535
2015,DICIEMBRE,19,637.3953
2015,DICIEMBRE,20,618.0279
2015,DICIEMBRE,21,712.6693
2015,DICIEMBRE,22,702.1112
2015,DICIEMBRE,23,717.6806
2015,DICIEMBRE,24,693.2457
2015,DICIEMBRE,25,474.2570
2015,DICIEMBRE,26,509.0496
2015,DICIEMBRE,27,535.5212
2015,DICIEMBRE,28,452.6214
2015,DICIEMBRE,29,404.8014
2015,DICIEMBRE,30,472.9553
2015,DICIEMBRE,31,409.5458
2016,ENERO,1,407.5660
2016,ENERO,2,407.6279
2016,ENERO,3,499.3292
2016,ENERO,4,535.1410
2016,ENERO,5,573.1297
2016,ENERO,6,633.4550
2016,ENERO,7,629.5375
2016,ENERO,8,587.2485
2016,ENERO,9,496.7454
2016,ENERO,10,533.0209
2016,ENERO,11,540.9244
2016,ENERO,12,659.9493
2016,ENERO,13,685.1549
2016,ENERO,14,770.7685
2016,ENERO,15,693.8068
2016,ENERO,16,621.6374
2016,ENERO,17,536.5066
2016,ENERO,18,680.0212
2016,ENERO,19,569.7709
2016,ENERO,20,542.3938
2016,ENERO,21,496.8125
2016,ENERO,22,556.1461
2016,ENERO,23,581.7915
2016,ENERO,24,557.2478
2016,ENERO,25,601.1663
2016,ENERO,26,519.5052
2016,ENERO,27,457.8120
2016,ENERO,28,461.0212
2016,ENERO,29,462.4582
2016,ENERO,30,448.6685
2016,ENERO,31,432.5643
2016,FEBRERO,1,442.0994
2016,FEBRERO,2,447.4197
2016,FEBRERO,3,447.1119
2016,FEBRERO,4,455.7807
2016,FEBRERO,5,457.8833
2016,FEBRERO,6,467.0124
2016,FEBRERO,7,442.2999
2016,FEBRERO,8,428.9720
2016,FEBRERO,9,408.7393
2016,FEBRERO,10,420.6770
2016,FEBRERO,11,446.6047
2016,FEBRERO,12,457.2229
2016,FEBRERO,13,498.1023
2016,FEBRERO,14,539.0850
2016,FEBRERO,15,609.9824
2016,FEBRERO,16,694.8972
2016,FEBRERO,17,854.2417
2016,FEBRERO,18,863.9554
2016,FEBRERO,19,866.3916
2016,FEBRERO,20,868.2497
2016,FEBRERO,21,868.2194
2016,FEBRERO,22,780.6389
2016,FEBRERO,23,758.0199
2016,FEBRERO,24,868.2508
2016,FEBRERO,25,868.2509
2016,FEBRERO,26,868.2518
2016,FEBRERO,27,868.7369
2016,FEBRERO,28,868.2458
2016,FEBRERO,29,868.6544
2016,MARZO,1,867.6795
2016,MARZO,2,853.5283
2016,MARZO,3,867.6791
2016,MARZO,4,848.1819
2016,MARZO,5,867.6548
2016,MARZO,6,867.6771
2016,MARZO,7,841.3054
2016,MARZO,8,862.0333
2016,MARZO,9,774.1137
2016,MARZO,10,884.3657
2016,MARZO,11,884.3645
2016,MARZO,12,882.1500
2016,MARZO,13,884.2151
2016,MARZO,14,883.8449
2016,MARZO,15,883.4118
2016,MARZO,16,883.8319
2016,MARZO,17,882.3453
2016,MARZO,18,874.2436
2016,MARZO,19,843.2058
2016,MARZO,20,807.4603
2016,MARZO,21,764.2023
2016,MARZO,22,757.7374
2016,MARZO,23,687.7409
2016,MARZO,24,686.9219
2016,MARZO,25,764.2475
2016,MARZO,26,819.1852
2016,MARZO,27,792.4744
2016,MARZO,28,822.7198
2016,MARZO,29,798.8061
2016,MARZO,30,796.8522
2016,MARZO,31,796.3846
2016,ABRIL,1,804.1286
2016,ABRIL,2,740.1689
2016,ABRIL,3,595.9245
2016,ABRIL,4,682.5105
2016,ABRIL,5,623.3230
2016,ABRIL,6,590.9285
2016,ABRIL,7,563.0369
2016,ABRIL,8,486.2921
2016,ABRIL,9,417.6956
2016,ABRIL,10,368.4201
2016,ABRIL,11,350.4071
2016,ABRIL,12,329.7435
2016,ABRIL,13,295.4042
2016,ABRIL,14,227.8188
2016,ABRIL,15,196.7420
2016,ABRIL,16,171.8932
2016,ABRIL,17,166.5977
2016,ABRIL,18,165.2436
2016,ABRIL,19,163.7932
2016,ABRIL,20,171.3433
2016,ABRIL,21,173.1487
2016,ABRIL,22,180.8726
2016,ABRIL,23,180.7637
2016,ABRIL,24,193.1718
2016,ABRIL,25,232.4716
2016,ABRIL,26,212.2132
2016,ABRIL,27,186.3857
2016,ABRIL,28,177.2142
2016,ABRIL,29,170.1206
2016,ABRIL,30,157.0205
2016,MAYO,1,151.7736
2016,MAYO,2,147.1361
2016,MAYO,3,145.8472
2016,MAYO,4,157.3959
2016,MAYO,5,152.0209
2016,MAYO,6,130.2627
2016,MAYO,7,142.3671
2016,MAYO,8,133.5287
2016,MAYO,9,136.3968
2016,MAYO,10,132.8036
2016,MAYO,11,124.5569
2016,MAYO,12,120.5113
2016,MAYO,13,111.7394
2016,MAYO,14,112.7313
2016,MAYO,15,118.4600
2016,MAYO,16,154.4394
2016,MAYO,17,132.5751
2016,MAYO,18,137.5606
2016,MAYO,19,142.3304
2016,MAYO,20,159.9489
2016,MAYO,21,146.7061
2016,MAYO,22,140.6119
2016,MAYO,23,150.9055
2016,MAYO,24,147.6121
2016,MAYO,25,156.7972
2016,MAYO,26,154.1919
2016,MAYO,27,155.9610
2016,MAYO,28,151.1750
2016,MAYO,29,136.6603
2016,MAYO,30,132.2694
2016,MAYO,31,132.3457
2016,JUNIO,1,137.3370
2016,JUNIO,2,142.2037
2016,JUNIO,3,117.3310
2016,JUNIO,4,182.3609
2016,JUNIO,5,120.3525
2016,JUNIO,6,154.6476
2016,JUNIO,7,153.1735
2016,JUNIO,8,179.0282
2016,JUNIO,9,184.3250
2016,JUNIO,10,172.5674
2016,JUNIO,11,150.3195
2016,JUNIO,12,152.5395
2016,JUNIO,13,181.7849
2016,JUNIO,14,176.7407
2016,JUNIO,15,224.6695
2016,JUNIO,16,185.6533
2016,JUNIO,17,200.3216
2016,JUNIO,18,272.4120
2016,JUNIO,19,222.5617
2016,JUNIO,20,250.8355
2016,JUNIO,21,223.6275
2016,JUNIO,22,188.4668
2016,JUNIO,23,157.6625
2016,JUNIO,24,166.2783
2016,JUNIO,25,115.1516
2016,JUNIO,26,125.2156
2016,JUNIO,27,123.9591
2016,JUNIO,28,124.3650
2016,JUNIO,29,121.1650
2016,JUNIO,30,132.1011
2016,JULIO,1,153.8260
2016,JULIO,2,142.3111
2016,JULIO,3,131.8929
2016,JULIO,4,133.7224
2016,JULIO,5,142.1516
2016,JULIO,6,133.0646
2016,JULIO,7,126.8055
2016,JULIO,8,128.8608
2016,JULIO,9,134.7981
2016,JULIO,10,114.1226
2016,JULIO,11,127.5514
2016,JULIO,12,134.4217
2016,JULIO,13,126.4905
2016,JULIO,14,119.0266
2016,JULIO,15,114.2257
2016,JULIO,16,101.2231
2016,JULIO,17,97.2057
2016,JULIO,18,116.5436
2016,JULIO,19,131.9165
2016,JULIO,20,115.6636
2016,JULIO,21,130.5264
2016,JULIO,22,148.0214
2016,JULIO,23,130.5396
2016,JULIO,24,135.5691
2016,JULIO,25,132.8297
2016,JULIO,26,130.2479
2016,JULIO,27,128.8521
2016,JULIO,28,135.9212
2016,JULIO,29,135.5740
2016,JULIO,30,138.6720
2016,JULIO,31,133.0682
2016,AGOSTO,1,138.0004
2016,AGOSTO,2,156.9443
2016,AGOSTO,3,154.9247
2016,AGOSTO,4,134.9489
2016,AGOSTO,5,129.3770
2016,AGOSTO,6,125.4829
2016,AGOSTO,7,129.1417
2016,AGOSTO,8,130.1584
2016,AGOSTO,9,153.9430
2016,AGOSTO,10,155.7057
2016,AGOSTO,11,185.6588
2016,AGOSTO,12,151.0137
2016,AGOSTO,13,164.6330
2016,AGOSTO,14,158.8154
2016,AGOSTO,15,202.4070
2016,AGOSTO,16,258.1533
2016,AGOSTO,17,272.6653
2016,AGOSTO,18,274.5525
2016,AGOSTO,19,198.2686
2016,AGOSTO,20,140.8546
2016,AGOSTO,21,157.0794
2016,AGOSTO,22,258.0872
2016,AGOSTO,23,275.7880
2016,AGOSTO,24,309.6173
2016,AGOSTO,25,309.7489
2016,AGOSTO,26,294.9816
2016,AGOSTO,27,240.2987
2016,AGOSTO,28,272.8209
2016,AGOSTO,29,222.6077
2016,AGOSTO,30,172.1207
2016,AGOSTO,31,209.6693
2016,SEPTIEMBRE,1,172.6748
2016,SEPTIEMBRE,2,156.7484
2016,SEPTIEMBRE,3,174.8245
2016,SEPTIEMBRE,4,154.1995
2016,SEPTIEMBRE,5,180.1423
2016,SEPTIEMBRE,6,244.5595
2016,SEPTIEMBRE,7,269.8216
2016,SEPTIEMBRE,8,211.2089
2016,SEPTIEMBRE,9,203.2675
2016,SEPTIEMBRE,10,182.3941
2016,SEPTIEMBRE,11,136.2511
2016,SEPTIEMBRE,12,164.3137
2016,SEPTIEMBRE,13,132.0978
2016,SEPTIEMBRE,14,116.1365
2016,SEPTIEMBRE,15,114.8175
2016,SEPTIEMBRE,16,93.9808
2016,SEPTIEMBRE,17,83.7175
2016,SEPTIEMBRE,18,78.4320
2016,SEPTIEMBRE,19,137.8810
2016,SEPTIEMBRE,20,160.9839
2016,SEPTIEMBRE,21,154.1183
2016,SEPTIEMBRE,22,134.6587
2016,SEPTIEMBRE,23,113.1923
2016,SEPTIEMBRE,24,103.1826
2016,SEPTIEMBRE,25,94.0788
2016,SEPTIEMBRE,26,101.0091
2016,SEPTIEMBRE,27,105.7589
2016,SEPTIEMBRE,28,163.6946
2016,SEPTIEMBRE,29,175.5542
2016,SEPTIEMBRE,30,197.2092
2016,OCTUBRE,1,146.3992
2016,OCTUBRE,2,114.2551
2016,OCTUBRE,3,160.5684
2016,OCTUBRE,4,176.2538
2016,OCTUBRE,5,137.9839
2016,OCTUBRE,6,181.5329
2016,OCTUBRE,7,128.0101
2016,OCTUBRE,8,139.4256
2016,OCTUBRE,9,116.4328
2016,OCTUBRE,10,148.8885
2016,OCTUBRE,11,204.8564
2016,OCTUBRE,12,176.6642
2016,OCTUBRE,13,197.3030
2016,OCTUBRE,14,211.6228
2016,OCTUBRE,15,207.4990
2016,OCTUBRE,16,153.2993
2016,OCTUBRE,17,173.8148
2016,OCTUBRE,18,185.2715
2016,OCTUBRE,19,198.2128
2016,OCTUBRE,20,220.4687
2016,OCTUBRE,21,215.4266
2016,OCTUBRE,22,217.7794
2016,OCTUBRE,23,212.2466
2016,OCTUBRE,24,219.6297
2016,OCTUBRE,25,227.8920
2016,OCTUBRE,26,247.9225
2016,OCTUBRE,27,237.9729
2016,OCTUBRE,28,237.2466
2016,OCTUBRE,29,203.9955
2016,OCTUBRE,30,177.4473
2016,OCTUBRE,31,157.0342
2016,NOVIEMBRE,1,197.5072
2016,NOVIEMBRE,2,198.7006
2016,NOVIEMBRE,3,184.4303
2016,NOVIEMBRE,4,175.8955
2016,NOVIEMBRE,5,174.8310
2016,NOVIEMBRE,6,155.1447
2016,NOVIEMBRE,7,163.6529
2016,NOVIEMBRE,8,170.9743
2016,NOVIEMBRE,9,182.1931
2016,NOVIEMBRE,10,189.7391
2016,NOVIEMBRE,11,179.0034
2016,NOVIEMBRE,12,174.9993
2016,NOVIEMBRE,13,177.2408
2016,NOVIEMBRE,14,168.3903
2016,NOVIEMBRE,15,177.4670
2016,NOVIEMBRE,16,175.4056
2016,NOVIEMBRE,17,165.0777
2016,NOVIEMBRE,18,140.5443
2016,NOVIEMBRE,19,132.4756
2016,NOVIEMBRE,20,126.3000
2016,NOVIEMBRE,21,136.0925
2016,NOVIEMBRE,22,139.3306
2016,NOVIEMBRE,23,133.1254
2016,NOVIEMBRE,24,136.2513
2016,NOVIEMBRE,25,170.1207
2016,NOVIEMBRE,26,181.7314
2016,NOVIEMBRE,27,158.5794
2016,NOVIEMBRE,28,181.6514
2016,NOVIEMBRE,29,174.1849
2016,NOVIEMBRE,30,179.2882
2016,DICIEMBRE,1,148.4570
2016,DICIEMBRE,2,125.7000
2016,DICIEMBRE,3,127.0976
2016,DICIEMBRE,4,86.5226
2016,DICIEMBRE,5,77.3531
2016,DICIEMBRE,6,73.8245
2016,DICIEMBRE,7,62.7161
2016,DICIEMBRE,8,61.6094
2016,DICIEMBRE,9,75.8792
2016,DICIEMBRE,10,72.4929
2016,DICIEMBRE,11,61.1728
2016,DICIEMBRE,12,93.3171
2016,DICIEMBRE,13,113.8462
2016,DICIEMBRE,14,118.6001
2016,DICIEMBRE,15,125.2048
2016,DICIEMBRE,16,126.2170
2016,DICIEMBRE,17,133.7246
2016,DICIEMBRE,18,134.3320
2016,DICIEMBRE,19,134.9665
2016,DICIEMBRE,20,141.3096
2016,DICIEMBRE,21,138.9090
2016,DICIEMBRE,22,133.7821
2016,DICIEMBRE,23,126.4275
2016,DICIEMBRE,24,129.7999
2016,DICIEMBRE,25,103.9644
2016,DICIEMBRE,26,106.0944
2016,DICIEMBRE,27,101.9813
2016,DICIEMBRE,28,105.6632
2016,DICIEMBRE,29,103.4105
2016,DICIEMBRE,30,97.3402
2016,DICIEMBRE,31,89.3227
2017,ENERO,1,83.1311
2017,ENERO,2,86.2690
2017,ENERO,3,81.1813
2017,ENERO,4,92.8542
2017,ENERO,5,103.4840
2017,ENERO,6,127.8940
2017,ENERO,7,121.8726
2017,ENERO,8,116.3442
2017,ENERO,9,122.1752
2017,ENERO,10,131.8411
2017,ENERO,11,118.1104
2017,ENERO,12,126.3376
2017,ENERO,13,117.4408
2017,ENERO,14,69.6941
2017,ENERO,15,84.8650
2017,ENERO,16,89.3487
2017,ENERO,17,96.0436
2017,ENERO,18,111.5415
2017,ENERO,19,106.2885
2017,ENERO,20,110.2155
2017,ENERO,21,101.6796
2017,ENERO,22,75.2548
2017,ENERO,23,116.0551
2017,ENERO,24,148.9695
2017,ENERO,25,130.4120
2017,ENERO,26,144.2268
2017,ENERO,27,132.3571
2017,ENERO,28,122.1453
2017,ENERO,29,132.5650
2017,ENERO,30,133.6778
2017,ENERO,31,122.4240
2017,FEBRERO,1,106.2719
2017,FEBRERO,2,113.4545
2017,FEBRERO,3,112.8728
2017,FEBRERO,4,130.6018
2017,FEBRERO,5,92.8797
2017,FEBRERO,6,122.3580
2017,FEBRERO,7,149.6886
2017,FEBRERO,8,134.3214
2017,FEBRERO,9,136.6317
2017,FEBRERO,10,169.9353
2017,FEBRERO,11,154.7584
2017,FEBRERO,12,145.2216
2017,FEBRERO,13,188.0370
2017,FEBRERO,14,196.7837
2017,FEBRERO,15,196.3734
2017,FEBRERO,16,168.7556
2017,FEBRERO,17,162.3026
2017,FEBRERO,18,178.1590
2017,FEBRERO,19,155.3623
2017,FEBRERO,20,161.7735
2017,FEBRERO,21,178.5162
2017,FEBRERO,22,193.0703
2017,FEBRERO,23,197.5456
2017,FEBRERO,24,190.3470
2017,FEBRERO,25,192.6529
2017,FEBRERO,26,154.1310
2017,FEBRERO,27,159.9931
2017,FEBRERO,28,153.0525
2017,MARZO,1,166.5654
2017,MARZO,2,168.0721
2017,MARZO,3,159.6064
2017,MARZO,4,155.1726
2017,MARZO,5,144.0264
2017,MARZO,6,142.1345
2017,MARZO,7,134.3003
2017,MARZO,8,128.6920
2017,MARZO,9,138.6655
2017,MARZO,10,123.8728
2017,MARZO,11,128.5808
2017,MARZO,12,130.6206
2017,MARZO,13,133.5198
2017,MARZO,14,112.8301
2017,MARZO,15,120.8926
2017,MARZO,16,121.7036
2017,MARZO,17,111.8772
2017,MARZO,18,119.9033
2017,MARZO,19,96.6995
2017,MARZO,20,115.0712
2017,MARZO,21,114.1300
2017,MARZO,22,146.9279
2017,MARZO,23,117.1899
2017,MARZO,24,126.3751
2017,MARZO,25,93.2102
2017,MARZO,26,78.5182
2017,MARZO,27,76.6813
2017,MARZO,28,81.4590
2017,MARZO,29,78.0104
2017,MARZO,30,75.1476
2017,MARZO,31,75.1754
2017,ABRIL,1,67.5500
2017,ABRIL,2,75.9868
2017,ABRIL,3,110.7427
2017,ABRIL,4,102.0543
2017,ABRIL,5,94.8843
2017,ABRIL,6,95.3247
2017,ABRIL,7,108.8388
2017,ABRIL,8,132.4753
2017,ABRIL,9,136.2396
2017,ABRIL,10,108.4376
2017,ABRIL,11,90.0306
2017,ABRIL,12,87.1524
2017,ABRIL,13,67.6136
2017,ABRIL,14,74.0589
2017,ABRIL,15,69.9756
2017,ABRIL,16,70.5805
2017,ABRIL,17,92.1361
2017,ABRIL,18,112.7714
2017,ABRIL,19,107.8808
2017,ABRIL,20,112.6875
2017,ABRIL,21,105.7980
2017,ABRIL,22,96.4808
2017,ABRIL,23,103.3289
2017,ABRIL,24,104.1084
2017,ABRIL,25,104.5314
2017,ABRIL,26,93.1261
2017,ABRIL,27,99.6256
2017,ABRIL,28,97.1902
2017,ABRIL,29,83.5989
2017,ABRIL,30,89.1009
2017,MAYO,1,102.7885
2017,MAYO,2,94.4551
2017,MAYO,3,90.4861
2017,MAYO,4,87.1537
2017,MAYO,5,78.2203
2017,MAYO,6,74.3929
2017,MAYO,7,73.7927
2017,MAYO,8,78.4961
2017,MAYO,9,70.0933
2017,MAYO,10,67.1209
2017,MAYO,11,63.5015
2017,MAYO,12,66.5386
2017,MAYO,13,64.6711
2017,MAYO,14,65.9629
2017,MAYO,15,65.3573
2017,MAYO,16,70.1313
2017,MAYO,17,66.6359
2017,MAYO,18,66.5836
2017,MAYO,19,65.3297
2017,MAYO,20,64.8553
2017,MAYO,21,62.7947
2017,MAYO,22,66.0324
2017,MAYO,23,64.8945
2017,MAYO,24,64.0433
2017,MAYO,25,66.7214
2017,MAYO,26,68.3179
2017,MAYO,27,67.6907
2017,MAYO,28,67.4960
2017,MAYO,29,69.1851
2017,MAYO,30,66.2960
2017,MAYO,31,81.1259
2017,JUNIO,1,68.8272
2017,JUNIO,2,68.8394
2017,JUNIO,3,71.9235
2017,JUNIO,4,67.5926
2017,JUNIO,5,68.4844
2017,JUNIO,6,77.0945
2017,JUNIO,7,69.8354
2017,JUNIO,8,70.6475
2017,JUNIO,9,67.0086
2017,JUNIO,10,65.9379
2017,JUNIO,11,67.4021
2017,JUNIO,12,65.8887
2017,JUNIO,13,68.5698
2017,JUNIO,14,84.1492
2017,JUNIO,15,68.8049
2017,JUNIO,16,66.5095
2017,JUNIO,17,65.8596
2017,JUNIO,18,65.9005
2017,JUNIO,19,67.5477
2017,JUNIO,20,66.2396
2017,JUNIO,21,66.7702
2017,JUNIO,22,67.2241
2017,JUNIO,23,67.2415
2017,JUNIO,24,65.8823
2017,JUNIO,25,67.0853
2017,JUNIO,26,68.1174
2017,JUNIO,27,69.8635
2017,JUNIO,28,67.3241
2017,JUNIO,29,66.2602
2017,JUNIO,30,66.1861
2017,JULIO,1,66.0804
2017,JULIO,2,64.6734
2017,JULIO,3,64.5028
2017,JULIO,4,66.1112
2017,JULIO,5,64.9094
2017,JULIO,6,65.6844
2017,JULIO,7,66.3976
2017,JULIO,8,65.1283
2017,JULIO,9,67.1065
2017,JULIO,10,74.4397
2017,JULIO,11,74.5871
2017,JULIO,12,66.2362
2017,JULIO,13,71.0840
2017,JULIO,14,71.1850
2017,JULIO,15,64.6815
2017,JULIO,16,66.1969
2017,JULIO,17,69.8285
2017,JULIO,18,83.2452
2017,JULIO,19,87.2420
2017,JULIO,20,68.0421
2017,JULIO,21,73.7917
2017,JULIO,22,65.6809
2017,JULIO,23,65.2017
2017,JULIO,24,70.7729
2017,JULIO,25,77.0440
2017,JULIO,26,72.2153
2017,JULIO,27,78.9049
2017,JULIO,28,83.0904
2017,JULIO,29,72.4912
2017,JULIO,30,71.7588
2017,JULIO,31,70.4121
2017,AGOSTO,1,93.9265
2017,AGOSTO,2,79.3139
2017,AGOSTO,3,81.0833
2017,AGOSTO,4,67.6805
2017,AGOSTO,5,64.7640
2017,AGOSTO,6,64.3438
2017,AGOSTO,7,65.9966
2017,AGOSTO,8,70.6456
2017,AGOSTO,9,68.1105
2017,AGOSTO,10,68.2979
2017,AGOSTO,11,66.0058
2017,AGOSTO,12,69.0364
2017,AGOSTO,13,68.6519
2017,AGOSTO,14,79.2452
2017,AGOSTO,15,85.6497
2017,AGOSTO,16,73.9813
2017,AGOSTO,17,79.7845
2017,AGOSTO,18,97.0437
2017,AGOSTO,19,110.7599
2017,AGOSTO,20,98.5041
2017,AGOSTO,21,107.2872
2017,AGOSTO,22,106.5237
2017,AGOSTO,23,108.3411
2017,AGOSTO,24,116.3123
2017,AGOSTO,25,113.6664
2017,AGOSTO,26,114.7694
2017,AGOSTO,27,113.0280
2017,AGOSTO,28,127.2619
2017,AGOSTO,29,134.0528
2017,AGOSTO,30,138.5444
2017,AGOSTO,31,137.1503
2017,SEPTIEMBRE,1,143.9669
2017,SEPTIEMBRE,2,140.8893
2017,SEPTIEMBRE,3,138.2609
2017,SEPTIEMBRE,4,140.7954
2017,SEPTIEMBRE,5,136.6740
2017,SEPTIEMBRE,6,139.7801
2017,SEPTIEMBRE,7,133.0738
2017,SEPTIEMBRE,8,139.2533
2017,SEPTIEMBRE,9,124.2346
2017,SEPTIEMBRE,10,126.3699
2017,SEPTIEMBRE,11,130.4786
2017,SEPTIEMBRE,12,124.2409
2017,SEPTIEMBRE,13,128.5242
2017,SEPTIEMBRE,14,133.7590
2017,SEPTIEMBRE,15,114.1474
2017,SEPTIEMBRE,16,116.7951
2017,SEPTIEMBRE,17,113.1904
2017,SEPTIEMBRE,18,122.3674
2017,SEPTIEMBRE,19,102.1283
2017,SEPTIEMBRE,20,112.9227
2017,SEPTIEMBRE,21,123.8697
2017,SEPTIEMBRE,22,119.9868
2017,SEPTIEMBRE,23,123.1720
2017,SEPTIEMBRE,24,113.7336
2017,SEPTIEMBRE,25,112.2104
2017,SEPTIEMBRE,26,116.0336
2017,SEPTIEMBRE,27,111.6050
2017,SEPTIEMBRE,28,131.8314
2017,SEPTIEMBRE,29,109.1561
2017,SEPTIEMBRE,30,106.2007
2017,OCTUBRE,1,106.2381
2017,OCTUBRE,2,115.9112
2017,OCTUBRE,3,115.4078
2017,OCTUBRE,4,119.1400
2017,OCTUBRE,5,128.5102
2017,OCTUBRE,6,114.7510
2017,OCTUBRE,7,125.7426
2017,OCTUBRE,8,115.7441
2017,OCTUBRE,9,122.9877
2017,OCTUBRE,10,120.1816
2017,OCTUBRE,11,125.1988
2017,OCTUBRE,12,126.0655
2017,OCTUBRE,13,134.1379
2017,OCTUBRE,14,124.5058
2017,OCTUBRE,15,125.3458
2017,OCTUBRE,16,123.5660
2017,OCTUBRE,17,138.0049
2017,OCTUBRE,18,153.3403
2017,OCTUBRE,19,151.7997
2017,OCTUBRE,20,157.1143
2017,OCTUBRE,21,171.4429
2017,OCTUBRE,22,155.9917
2017,OCTUBRE,23,166.6983
2017,OCTUBRE,24,167.4325
2017,OCTUBRE,25,168.7769
2017,OCTUBRE,26,173.1168
2017,OCTUBRE,27,166.3642
2017,OCTUBRE,28,157.2007
2017,OCTUBRE,29,146.8836
2017,OCTUBRE,30,131.0120
2017,OCTUBRE,31,109.7115
2017,NOVIEMBRE,1,137.2381
2017,NOVIEMBRE,2,135.5310
2017,NOVIEMBRE,3,144.7832
2017,NOVIEMBRE,4,137.6014
2017,NOVIEMBRE,5,135.6093
2017,NOVIEMBRE,6,131.8631
2017,NOVIEMBRE,7,137.2555
2017,NOVIEMBRE,8,142.9511
2017,NOVIEMBRE,9,148.5572
2017,NOVIEMBRE,10,149.6729
2017,NOVIEMBRE,11,148.5769
2017,NOVIEMBRE,12,139.5538
2017,NOVIEMBRE,13,143.6090
2017,NOVIEMBRE,14,164.5668
2017,NOVIEMBRE,15,156.6214
2017,NOVIEMBRE,16,156.5745
2017,NOVIEMBRE,17,151.7682
2017,NOVIEMBRE,18,136.3949
2017,NOVIEMBRE,19,120.5177
2017,NOVIEMBRE,20,104.7367
2017,NOVIEMBRE,21,111.3156
2017,NOVIEMBRE,22,109.3210
2017,NOVIEMBRE,23,121.1704
2017,NOVIEMBRE,24,101.5283
2017,NOVIEMBRE,25,97.3133
2017,NOVIEMBRE,26,83.5610
2017,NOVIEMBRE,27,86.8771
2017,NOVIEMBRE,28,89.9166
2017,NOVIEMBRE,29,88.0126
2017,NOVIEMBRE,30,88.5976
2017,DICIEMBRE,1,83.8406
2017,DICIEMBRE,2,80.5820
2017,DICIEMBRE,3,76.2830
2017,DICIEMBRE,4,72.4480
2017,DICIEMBRE,5,77.4482
2017,DICIEMBRE,6,78.3513
2017,DICIEMBRE,7,81.1531
2017,DICIEMBRE,8,81.5826
2017,DICIEMBRE,9,85.3289
2017,DICIEMBRE,10,85.6356
2017,DICIEMBRE,11,91.1022
2017,DICIEMBRE,12,85.2091
2017,DICIEMBRE,13,89.1085
2017,DICIEMBRE,14,83.6172
2017,DICIEMBRE,15,77.2190
2017,DICIEMBRE,16,81.8882
2017,DICIEMBRE,17,77.1572
2017,DICIEMBRE,18,91.4897
2017,DICIEMBRE,19,89.6579
2017,DICIEMBRE,20,101.4534
2017,DICIEMBRE,21,106.9181
2017,DICIEMBRE,22,114.0556
2017,DICIEMBRE,23,116.2297
2017,DICIEMBRE,24,121.5336
2017,DICIEMBRE,25,126.2823
2017,DICIEMBRE,26,139.3428
2017,DICIEMBRE,27,144.5669
2017,DICIEMBRE,28,142.9229
2017,DICIEMBRE,29,145.4963
2017,DICIEMBRE,30,162.9683
2017,DICIEMBRE,31,150.8649
2018,ENERO,1,121.0321
2018,ENERO,2,136.3195
2018,ENERO,3,135.0423
2018,ENERO,4,144.2658
2018,ENERO,5,136.4015
2018,ENERO,6,136.3286
2018,ENERO,7,133.0517
2018,ENERO,8,132.0628
2018,ENERO,9,134.2315
2018,ENERO,10,134.3191
2018,ENERO,11,134.6824
2018,ENERO,12,133.4379
2018,ENERO,13,131.5556
2018,ENERO,14,129.2795
2018,ENERO,15,114.5298
2018,ENERO,16,125.9794
2018,ENERO,17,120.9368
2018,ENERO,18,121.4616
2018,ENERO,19,122.1027
2018,ENERO,20,116.5509
2018,ENERO,21,94.1214
2018,ENERO,22,118.1329
2018,ENERO,23,115.3876
2018,ENERO,24,113.0964
2018,ENERO,25,114.1922
2018,ENERO,26,112.6722
2018,ENERO,27,120.2580
2018,ENERO,28,115.4968
2018,ENERO,29,120.7354
2018,ENERO,30,119.1962
2018,ENERO,31,121.9197
2018,FEBRERO,1,138.6773
2018,FEBRERO,2,134.0168
2018,FEBRERO,3,148.9850
2018,FEBRERO,4,146.0076
2018,FEBRERO,5,147.3017
2018,FEBRERO,6,130.6420
2018,FEBRERO,7,149.7700
2018,FEBRERO,8,132.5947
2018,FEBRERO,9,133.9694
2018,FEBRERO,10,131.1576
2018,FEBRERO,11,133.6790
2018,FEBRERO,12,135.8270
2018,FEBRERO,13,133.9310
2018,FEBRERO,14,134.0982
2018,FEBRERO,15,137.2540
2018,FEBRERO,16,138.3063
2018,FEBRERO,17,131.9170
2018,FEBRERO,18,127.2475
2018,FEBRERO,19,136.6746
2018,FEBRERO,20,141.0909
2018,FEBRERO,21,158.3805
2018,FEBRERO,22,146.9970
2018,FEBRERO,23,143.6874
2018,FEBRERO,24,139.3411
2018,FEBRERO,25,142.3328
2018,FEBRERO,26,150.6076
2018,FEBRERO,27,150.3473
2018,FEBRERO,28,146.2017
2018,MARZO,1,138.6806
2018,MARZO,2,152.4109
2018,MARZO,3,153.6606
2018,MARZO,4,174.5756
2018,MARZO,5,182.8080
2018,MARZO,6,177.8893
2018,MARZO,7,180.0724
2018,MARZO,8,177.4078
2018,MARZO,9,178.6902
2018,MARZO,10,184.5293
2018,MARZO,11,189.5411
2018,MARZO,12,204.1321
2018,MARZO,13,207.8457
2018,MARZO,14,212.6910
2018,MARZO,15,205.1257
2018,MARZO,16,199.6399
2018,MARZO,17,186.0424
2018,MARZO,18,177.1932
2018,MARZO,19,166.4309
2018,MARZO,20,172.2849
2018,MARZO,21,165.0507
2018,MARZO,22,154.1486
2018,MARZO,23,144.7245
2018,MARZO,24,141.8338
2018,MARZO,25,152.8756
2018,MARZO,26,167.2225
2018,MARZO,27,174.1348
2018,MARZO,28,178.6197
2018,MARZO,29,167.0462
2018,MARZO,30,115.5059
2018,MARZO,31,153.3369
2018,ABRIL,1,117.9426
2018,ABRIL,2,153.9582
2018,ABRIL,3,149.7372
2018,ABRIL,4,138.7904
2018,ABRIL,5,130.0301
2018,ABRIL,6,111.5790
2018,ABRIL,7,119.6631
2018,ABRIL,8,101.7256
2018,ABRIL,9,108.2118
2018,ABRIL,10,113.0853
2018,ABRIL,11,137.9761
2018,ABRIL,12,113.7375
2018,ABRIL,13,120.8549
2018,ABRIL,14,116.6149
2018,ABRIL,15,102.4139
2018,ABRIL,16,121.5556
2018,ABRIL,17,123.0447
2018,ABRIL,18,131.3701
2018,ABRIL,19,127.0123
2018,ABRIL,20,116.1634
2018,ABRIL,21,78.2340
2018,ABRIL,22,84.2801
2018,ABRIL,23,121.9162
2018,ABRIL,24,134.7142
2018,ABRIL,25,127.7785
2018,ABRIL,26,110.4479
2018,ABRIL,27,102.9210
2018,ABRIL,28,88.8437
2018,ABRIL,29,70.7217
2018,ABRIL,30,94.7301
2018,MAYO,1,77.5836
2018,MAYO,2,82.8010
2018,MAYO,3,78.2240
2018,MAYO,4,70.8373
2018,MAYO,5,80.0893
2018,MAYO,6,76.8604
2018,MAYO,7,86.9758
2018,MAYO,8,109.9391
2018,MAYO,9,76.2029
2018,MAYO,10,74.6028
2018,MAYO,11,71.1850
2018,MAYO,12,66.6277
2018,MAYO,13,66.8615
2018,MAYO,14,66.9341
2018,MAYO,15,64.7422
2018,MAYO,16,65.7764
2018,MAYO,17,70.7779
2018,MAYO,18,69.2971
2018,MAYO,19,68.7142
2018,MAYO,20,65.2643
2018,MAYO,21,68.7847
2018,MAYO,22,69.7364
2018,MAYO,23,72.7614
2018,MAYO,24,74.1584
2018,MAYO,25,74.8737
2018,MAYO,26,89.9325
2018,MAYO,27,77.2166
2018,MAYO,28,70.1850
2018,MAYO,29,69.1242
2018,MAYO,30,69.3889
2018,MAYO,31,102.2000
2018,JUNIO,1,72.7651
2018,JUNIO,2,71.4326
2018,JUNIO,3,69.3073
2018,JUNIO,4,70.4927
2018,JUNIO,5,71.9366
2018,JUNIO,6,65.8828
2018,JUNIO,7,69.7596
2018,JUNIO,8,75.1729
2018,JUNIO,9,76.4678
2018,JUNIO,10,75.6406
2018,JUNIO,11,69.2070
2018,JUNIO,12,69.9441
2018,JUNIO,13,69.5971
2018,JUNIO,14,69.7680
2018,JUNIO,15,77.4888
2018,JUNIO,16,72.0452
2018,JUNIO,17,68.5935
2018,JUNIO,18,69.8386
2018,JUNIO,19,70.3430
2018,JUNIO,20,70.4039
2018,JUNIO,21,70.4979
2018,JUNIO,22,72.0421
2018,JUNIO,23,72.5082
2018,JUNIO,24,72.1343
2018,JUNIO,25,102.7722
2018,JUNIO,26,89.6640
2018,JUNIO,27,78.5943
2018,JUNIO,28,89.5237
2018,JUNIO,29,71.3519
2018,JUNIO,30,72.8320
2018,JULIO,1,72.4312
2018,JULIO,2,68.6485
2018,JULIO,3,67.5521
2018,JULIO,4,76.6602
2018,JULIO,5,69.0017
2018,JULIO,6,71.2446
2018,JULIO,7,70.8199
2018,JULIO,8,72.1450
2018,JULIO,9,101.4529
2018,JULIO,10,101.6675
2018,JULIO,11,88.7954
2018,JULIO,12,71.9943
2018,JULIO,13,95.5913
2018,JULIO,14,68.0090
2018,JULIO,15,72.3590
2018,JULIO,16,71.5096
2018,JULIO,17,76.4048
2018,JULIO,18,88.8098
2018,JULIO,19,108.6464
2018,JULIO,20,74.3823
2018,JULIO,21,76.8898
2018,JULIO,22,70.6603
2018,JULIO,23,104.9763
2018,JULIO,24,73.7202
2018,JULIO,25,101.4533
2018,JULIO,26,72.7628
2018,JULIO,27,86.6860
2018,JULIO,28,72.5433
2018,JULIO,29,77.5382
2018,JULIO,30,79.9896
2018,JULIO,31,71.2128
2018,AGOSTO,1,91.3556
2018,AGOSTO,2,109.8699
2018,AGOSTO,3,84.6401
2018,AGOSTO,4,78.0511
2018,AGOSTO,5,73.2836
2018,AGOSTO,6,72.6812
2018,AGOSTO,7,72.1940
2018,AGOSTO,8,96.1614
2018,AGOSTO,9,110.9322
2018,AGOSTO,10,96.2945
2018,AGOSTO,11,109.9694
2018,AGOSTO,12,81.1551
2018,AGOSTO,13,127.6402
2018,AGOSTO,14,118.2784
2018,AGOSTO,15,92.2991
2018,AGOSTO,16,98.5205
2018,AGOSTO,17,103.3325
2018,AGOSTO,18,75.3909
2018,AGOSTO,19,77.0149
2018,AGOSTO,20,80.0541
2018,AGOSTO,21,88.1898
2018,AGOSTO,22,105.8232
2018,AGOSTO,23,133.3556
2018,AGOSTO,24,114.1797
2018,AGOSTO,25,98.5709
2018,AGOSTO,26,76.4753
2018,AGOSTO,27,76.7390
2018,AGOSTO,28,77.0944
2018,AGOSTO,29,83.6590
2018,AGOSTO,30,104.1961
2018,AGOSTO,31,138.5438
2018,SEPTIEMBRE,1,118.5889
2018,SEPTIEMBRE,2,77.2253
2018,SEPTIEMBRE,3,85.6706
2018,SEPTIEMBRE,4,116.3103
2018,SEPTIEMBRE,5,119.2392
2018,SEPTIEMBRE,6,97.9697
2018,SEPTIEMBRE,7,73.4387
2018,SEPTIEMBRE,8,71.2793
2018,SEPTIEMBRE,9,73.9511
2018,SEPTIEMBRE,10,77.2230
2018,SEPTIEMBRE,11,80.0876
2018,SEPTIEMBRE,12,94.1352
2018,SEPTIEMBRE,13,89.9451
2018,SEPTIEMBRE,14,83.5806
2018,SEPTIEMBRE,15,75.3902
2018,SEPTIEMBRE,16,76.8050
2018,SEPTIEMBRE,17,111.9549
2018,SEPTIEMBRE,18,96.2573
2018,SEPTIEMBRE,19,103.1680
2018,SEPTIEMBRE,20,88.6479
2018,SEPTIEMBRE,21,92.0469
2018,SEPTIEMBRE,22,90.1330
2018,SEPTIEMBRE,23,93.5406
2018,SEPTIEMBRE,24,107.9162
2018,SEPTIEMBRE,25,141.6951
2018,SEPTIEMBRE,26,141.0200
2018,SEPTIEMBRE,27,133.9614
2018,SEPTIEMBRE,28,144.6255
2018,SEPTIEMBRE,29,154.8671
2018,SEPTIEMBRE,30,132.2940
2018,OCTUBRE,1,162.1246
2018,OCTUBRE,2,173.0827
2018,OCTUBRE,3,156.2060
2018,OCTUBRE,4,132.5158
2018,OCTUBRE,5,129.8164
2018,OCTUBRE,6,104.9846
2018,OCTUBRE,7,98.6663
2018,OCTUBRE,8,107.6371
2018,OCTUBRE,9,96.1323
2018,OCTUBRE,10,75.9083
2018,OCTUBRE,11,83.6389
2018,OCTUBRE,12,82.7108
2018,OCTUBRE,13,74.3860
2018,OCTUBRE,14,72.4360
2018,OCTUBRE,15,94.3068
2018,OCTUBRE,16,121.4739
2018,OCTUBRE,17,133.4177
2018,OCTUBRE,18,139.4051
2018,OCTUBRE,19,120.3035
2018,OCTUBRE,20,97.2278
2018,OCTUBRE,21,87.2897
2018,OCTUBRE,22,115.0310
2018,OCTUBRE,23,106.0286
2018,OCTUBRE,24,147.1314
2018,OCTUBRE,25,155.5677
2018,OCTUBRE,26,127.4755
2018,OCTUBRE,27,141.3142
2018,OCTUBRE,28,143.1058
2018,OCTUBRE,29,180.4411
2018,OCTUBRE,30,159.3188
2018,OCTUBRE,31,158.5707
2018,NOVIEMBRE,1,158.4957
2018,NOVIEMBRE,2,162.0179
2018,NOVIEMBRE,3,134.5538
2018,NOVIEMBRE,4,115.2043
2018,NOVIEMBRE,5,112.4640
2018,NOVIEMBRE,6,112.9033
2018,NOVIEMBRE,7,96.4700
2018,NOVIEMBRE,8,91.1988
2018,NOVIEMBRE,9,98.3495
2018,NOVIEMBRE,10,92.9854
2018,NOVIEMBRE,11,84.8311
2018,NOVIEMBRE,12,82.2252
2018,NOVIEMBRE,13,90.9004
2018,NOVIEMBRE,14,108.4759
2018,NOVIEMBRE,15,87.4113
2018,NOVIEMBRE,16,92.5515
2018,NOVIEMBRE,17,97.0311
2018,NOVIEMBRE,18,101.0984
2018,NOVIEMBRE,19,99.8725
2018,NOVIEMBRE,20,108.4463
2018,NOVIEMBRE,21,92.9674
2018,NOVIEMBRE,22,101.2771
2018,NOVIEMBRE,23,99.0087
2018,NOVIEMBRE,24,96.1886
2018,NOVIEMBRE,25,98.0123
2018,NOVIEMBRE,26,102.7230
2018,NOVIEMBRE,27,94.8296
2018,NOVIEMBRE,28,108.1147
2018,NOVIEMBRE,29,104.1105
2018,NOVIEMBRE,30,98.8410
2018,DICIEMBRE,1,88.4610
2018,DICIEMBRE,2,89.5720
2018,DICIEMBRE,3,95.5164
2018,DICIEMBRE,4,101.1195
2018,DICIEMBRE,5,92.6147
2018,DICIEMBRE,6,107.9742
2018,DICIEMBRE,7,115.6394
2018,DICIEMBRE,8,108.7187
2018,DICIEMBRE,9,136.6421
2018,DICIEMBRE,10,151.2289
2018,DICIEMBRE,11,179.1455
2018,DICIEMBRE,12,177.5901
2018,DICIEMBRE,13,190.8387
2018,DICIEMBRE,14,194.2686
2018,DICIEMBRE,15,198.0989
2018,DICIEMBRE,16,201.8119
2018,DICIEMBRE,17,200.1132
2018,DICIEMBRE,18,201.5954
2018,DICIEMBRE,19,209.6071
2018,DICIEMBRE,20,222.7895
2018,DICIEMBRE,21,224.1037
2018,DICIEMBRE,22,231.0974
2018,DICIEMBRE,23,236.9982
2018,DICIEMBRE,24,236.3856
2018,DICIEMBRE,25,158.8763
2018,DICIEMBRE,26,244.8203
2018,DICIEMBRE,27,269.0571
2018,DICIEMBRE,28,295.8478
2018,DICIEMBRE,29,301.0615
2018,DICIEMBRE,30,325.2592
2018,DICIEMBRE,31,344.5878
2019,ENERO,1,295.3068
2019,ENERO,2,335.8522
2019,ENERO,3,371.5146
2019,ENERO,4,375.7505
2019,ENERO,5,359.6488
2019,ENERO,6,314.0624
2019,ENERO,7,334.1134
2019,ENERO,8,358.9027
2019,ENERO,9,323.3000
2019,ENERO,10,330.5230
2019,ENERO,11,342.8937
2019,ENERO,12,292.2921
2019,ENERO,13,256.0552
2019,ENERO,14,268.3168
2019,ENERO,15,252.3510
2019,ENERO,16,220.2063
2019,ENERO,17,244.1890
2019,ENERO,18,218.0827
2019,ENERO,19,191.2186
2019,ENERO,20,169.3357
2019,ENERO,21,196.0511
2019,ENERO,22,217.6455
2019,ENERO,23,222.3508
2019,ENERO,24,291.0221
2019,ENERO,25,326.9269
2019,ENERO,26,286.3128
2019,ENERO,27,240.3531
2019,ENERO,28,306.2363
2019,ENERO,29,296.8765
2019,ENERO,30,298.4495
2019,ENERO,31,311.9935
2019,FEBRERO,1,310.6313
2019,FEBRERO,2,275.7391
2019,FEBRERO,3,279.1754
2019,FEBRERO,4,291.4630
2019,FEBRERO,5,304.8221
2019,FEBRERO,6,312.7228
2019,FEBRERO,7,272.7192
2019,FEBRERO,8,265.7483
2019,FEBRERO,9,276.4500
2019,FEBRERO,10,262.7600
2019,FEBRERO,11,247.4860
2019,FEBRERO,12,246.6020
2019,FEBRERO,13,248.0965
2019,FEBRERO,14,257.0838
2019,FEBRERO,15,326.3924
2019,FEBRERO,16,274.1391
2019,FEBRERO,17,257.3841
2019,FEBRERO,18,337.0631
2019,FEBRERO,19,371.4774
2019,FEBRERO,20,350.1356
2019,FEBRERO,21,348.1606
2019,FEBRERO,22,376.9254
2019,FEBRERO,23,378.2235
2019,FEBRERO,24,322.5909
2019,FEBRERO,25,361.7287
2019,FEBRERO,26,292.0780
2019,FEBRERO,27,338.3855
2019,FEBRERO,28,310.9848
2019,MARZO,1,319.5629
2019,MARZO,2,333.5714
2019,MARZO,3,296.6531
2019,MARZO,4,322.1596
2019,MARZO,5,317.9296
2019,MARZO,6,320.6512
2019,MARZO,7,307.6887
2019,MARZO,8,309.2478
2019,MARZO,9,292.1583
2019,MARZO,10,272.9584
2019,MARZO,11,278.1061
2019,MARZO,12,275.9821
2019,MARZO,13,255.4427
2019,MARZO,14,239.0810
2019,MARZO,15,232.3883
2019,MARZO,16,259.4720
2019,MARZO,17,215.9720
2019,MARZO,18,272.1460
2019,MARZO,19,284.9555
2019,MARZO,20,264.4600
2019,MARZO,21,262.8222
2019,MARZO,22,250.7633
2019,MARZO,23,204.5558
2019,MARZO,24,184.4796
2019,MARZO,25,212.6578
2019,MARZO,26,249.1197
2019,MARZO,27,246.0158
2019,MARZO,28,226.5613
2019,MARZO,29,224.2550
2019,MARZO,30,211.8114
2019,MARZO,31,204.9668
2019,ABRIL,1,236.4105
2019,ABRIL,2,254.3330
2019,ABRIL,3,231.5858
2019,ABRIL,4,229.2944
2019,ABRIL,5,240.0183
2019,ABRIL,6,216.3353
2019,ABRIL,7,220.0302
2019,ABRIL,8,212.8907
2019,ABRIL,9,208.1108
2019,ABRIL,10,245.1326
2019,ABRIL,11,265.6408
2019,ABRIL,12,237.7899
2019,ABRIL,13,219.4073
2019,ABRIL,14,199.9061
2019,ABRIL,15,218.8893
2019,ABRIL,16,213.2734
2019,ABRIL,17,161.7432
2019,ABRIL,18,169.4294
2019,ABRIL,19,158.6146
2019,ABRIL,20,123.8904
2019,ABRIL,21,105.4468
2019,ABRIL,22,173.4140
2019,ABRIL,23,186.1906
2019,ABRIL,24,138.4212
2019,ABRIL,25,151.3610
2019,ABRIL,26,111.3732
2019,ABRIL,27,134.4033
2019,ABRIL,28,124.4523
2019,ABRIL,29,154.6999
2019,ABRIL,30,151.3007
2019,MAYO,1,135.2921
2019,MAYO,2,185.7203
2019,MAYO,3,209.7713
2019,MAYO,4,218.8003
2019,MAYO,5,212.3719
2019,MAYO,6,265.9727
2019,MAYO,7,275.0381
2019,MAYO,8,280.2771
2019,MAYO,9,293.5234
2019,MAYO,10,247.4355
2019,MAYO,11,211.3722
2019,MAYO,12,183.8110
2019,MAYO,13,160.4846
2019,MAYO,14,155.0308
2019,MAYO,15,149.5678
2019,MAYO,16,163.4145
2019,MAYO,17,131.5469
2019,MAYO,18,131.7297
2019,MAYO,19,138.0646
2019,MAYO,20,148.9171
2019,MAYO,21,159.9677
2019,MAYO,22,138.4765
2019,MAYO,23,127.7751
2019,MAYO,24,116.7772
2019,MAYO,25,117.7831
2019,MAYO,26,111.1038
2019,MAYO,27,135.7310
2019,MAYO,28,134.6189
2019,MAYO,29,125.1858
2019,MAYO,30,135.8036
2019,MAYO,31,134.5765
2019,JUNIO,1,129.0067
2019,JUNIO,2,101.3928
2019,JUNIO,3,105.4397
2019,JUNIO,4,124.7906
2019,JUNIO,5,153.4894
2019,JUNIO,6,142.3743
2019,JUNIO,7,123.2585
2019,JUNIO,8,111.5859
2019,JUNIO,9,102.0344
2019,JUNIO,10,116.1078
2019,JUNIO,11,120.6361
2019,JUNIO,12,124.0856
2019,JUNIO,13,88.4204
2019,JUNIO,14,85.0095
2019,JUNIO,15,85.5720
2019,JUNIO,16,81.7195
2019,JUNIO,17,96.9336
2019,JUNIO,18,126.8787
2019,JUNIO,19,136.9828
2019,JUNIO,20,118.8782
2019,JUNIO,21,125.0924
2019,JUNIO,22,98.2445
2019,JUNIO,23,96.2914
2019,JUNIO,24,91.3416
2019,JUNIO,25,104.6457
2019,JUNIO,26,111.4943
2019,JUNIO,27,125.4671
2019,JUNIO,28,127.5984
2019,JUNIO,29,126.7182
2019,JUNIO,30,117.0164
2019,JULIO,1,122.4863
2019,JULIO,2,134.4283
2019,JULIO,3,150.8161
2019,JULIO,4,143.3101
2019,JULIO,5,127.8944
2019,JULIO,6,114.3415
2019,JULIO,7,106.4712
2019,JULIO,8,108.9650
2019,JULIO,9,105.4932
2019,JULIO,10,122.7330
2019,JULIO,11,116.8109
2019,JULIO,12,129.9992
2019,JULIO,13,124.0655
2019,JULIO,14,118.1335
2019,JULIO,15,129.3743
2019,JULIO,16,130.5359
2019,JULIO,17,118.7379
2019,JULIO,18,131.4320
2019,JULIO,19,115.7231
2019,JULIO,20,112.6939
2019,JULIO,21,124.1625
2019,JULIO,22,129.9433
2019,JULIO,23,119.5125
2019,JULIO,24,119.4839
2019,JULIO,25,124.3809
2019,JULIO,26,118.0623
2019,JULIO,27,113.0045
2019,JULIO,28,106.1395
2019,JULIO,29,115.0714
2019,JULIO,30,131.0218
2019,JULIO,31,127.0432
2019,AGOSTO,1,134.9758
2019,AGOSTO,2,135.7054
2019,AGOSTO,3,129.1244
2019,AGOSTO,4,122.3619
2019,AGOSTO,5,129.2485
2019,AGOSTO,6,153.4040
2019,AGOSTO,7,150.4257
2019,AGOSTO,8,113.2169
2019,AGOSTO,9,150.4780
2019,AGOSTO,10,138.3231
2019,AGOSTO,11,132.8306
2019,AGOSTO,12,153.2138
2019,AGOSTO,13,196.6100
2019,AGOSTO,14,213.5858
2019,AGOSTO,15,164.5577
2019,AGOSTO,16,144.7400
2019,AGOSTO,17,133.7745
2019,AGOSTO,18,122.7183
2019,AGOSTO,19,123.6693
2019,AGOSTO,20,110.8500
2019,AGOSTO,21,116.7411
2019,AGOSTO,22,116.2768
2019,AGOSTO,23,130.0405
2019,AGOSTO,24,104.6381
2019,AGOSTO,25,116.9211
2019,AGOSTO,26,165.0158
2019,AGOSTO,27,194.0859
2019,AGOSTO,28,185.1350
2019,AGOSTO,29,198.0320
2019,AGOSTO,30,191.3482
2019,AGOSTO,31,192.9491
2019,SEPTIEMBRE,1,177.2294
2019,SEPTIEMBRE,2,204.0592
2019,SEPTIEMBRE,3,199.0372
2019,SEPTIEMBRE,4,217.8784
2019,SEPTIEMBRE,5,204.2547
2019,SEPTIEMBRE,6,177.4932
2019,SEPTIEMBRE,7,188.4395
2019,SEPTIEMBRE,8,181.0989
2019,SEPTIEMBRE,9,214.8141
2019,SEPTIEMBRE,10,264.3199
2019,SEPTIEMBRE,11,237.7747
2019,SEPTIEMBRE,12,257.7768
2019,SEPTIEMBRE,13,300.7205
2019,SEPTIEMBRE,14,271.0102
2019,SEPTIEMBRE,15,293.5222
2019,SEPTIEMBRE,16,338.0568
2019,SEPTIEMBRE,17,360.6630
2019,SEPTIEMBRE,18,357.8877
2019,SEPTIEMBRE,19,353.6129
2019,SEPTIEMBRE,20,338.7402
2019,SEPTIEMBRE,21,294.5205
2019,SEPTIEMBRE,22,298.5253
2019,SEPTIEMBRE,23,349.1532
2019,SEPTIEMBRE,24,374.2572
2019,SEPTIEMBRE,25,370.8034
2019,SEPTIEMBRE,26,313.1690
2019,SEPTIEMBRE,27,321.0244
2019,SEPTIEMBRE,28,333.1075
2019,SEPTIEMBRE,29,334.8694
2019,SEPTIEMBRE,30,414.8749
2019,OCTUBRE,1,406.8583
2019,OCTUBRE,2,416.9264
2019,OCTUBRE,3,396.1750
2019,OCTUBRE,4,362.4956
2019,OCTUBRE,5,388.0141
2019,OCTUBRE,6,370.5457
2019,OCTUBRE,7,352.9526
2019,OCTUBRE,8,397.6991
2019,OCTUBRE,9,412.5442
2019,OCTUBRE,10,385.8831
2019,OCTUBRE,11,407.5100
2019,OCTUBRE,12,373.9800
2019,OCTUBRE,13,350.3018
2019,OCTUBRE,14,409.0038
2019,OCTUBRE,15,388.5505
2019,OCTUBRE,16,401.2447
2019,OCTUBRE,17,370.2734
2019,OCTUBRE,18,395.5045
2019,OCTUBRE,19,323.0791
2019,OCTUBRE,20,287.3071
2019,OCTUBRE,21,327.6871
2019,OCTUBRE,22,271.8275
2019,OCTUBRE,23,228.4307
2019,OCTUBRE,24,251.1025
2019,OCTUBRE,25,221.2373
2019,OCTUBRE,26,183.5368
2019,OCTUBRE,27,169.0666
2019,OCTUBRE,28,165.9240
2019,OCTUBRE,29,181.9620
2019,OCTUBRE,30,183.1051
2019,OCTUBRE,31,179.1711
2019,NOVIEMBRE,1,196.1850
2019,NOVIEMBRE,2,179.5379
2019,NOVIEMBRE,3,191.0760
2019,NOVIEMBRE,4,204.6105
2019,NOVIEMBRE,5,200.5439
2019,NOVIEMBRE,6,256.2063
2019,NOVIEMBRE,7,260.8133
2019,NOVIEMBRE,8,276.6810
2019,NOVIEMBRE,9,266.5975
2019,NOVIEMBRE,10,291.4968
2019,NOVIEMBRE,11,295.2282
2019,NOVIEMBRE,12,307.6837
2019,NOVIEMBRE,13,238.6617
2019,NOVIEMBRE,14,256.7079
2019,NOVIEMBRE,15,188.9131
2019,NOVIEMBRE,16,161.4420
2019,NOVIEMBRE,17,171.8437
2019,NOVIEMBRE,18,197.0429
2019,NOVIEMBRE,19,230.5700
2019,NOVIEMBRE,20,233.0518
2019,NOVIEMBRE,21,227.3455
2019,NOVIEMBRE,22,251.5190
2019,NOVIEMBRE,23,237.7711
2019,NOVIEMBRE,24,205.1107
2019,NOVIEMBRE,25,234.4021
2019,NOVIEMBRE,26,209.8768
2019,NOVIEMBRE,27,241.7435
2019,NOVIEMBRE,28,254.3451
2019,NOVIEMBRE,29,269.8186
2019,NOVIEMBRE,30,249.9783
2019,DICIEMBRE,1,217.3363
2019,DICIEMBRE,2,271.5756
2019,DICIEMBRE,3,271.9121
2019,DICIEMBRE,4,269.9071
2019,DICIEMBRE,5,223.9812
2019,DICIEMBRE,6,257.7145
2019,DICIEMBRE,7,260.5354
2019,DICIEMBRE,8,266.7239
2019,DICIEMBRE,9,305.1267
2019,DICIEMBRE,10,332.9333
2019,DICIEMBRE,11,358.6860
2019,DICIEMBRE,12,359.1693
2019,DICIEMBRE,13,382.9811
2019,DICIEMBRE,14,373.3652
2019,DICIEMBRE,15,347.5058
2019,DICIEMBRE,16,355.1795
2019,DICIEMBRE,17,307.6255
2019,DICIEMBRE,18,314.1429
2019,DICIEMBRE,19,367.0080
2019,DICIEMBRE,20,320.0900
2019,DICIEMBRE,21,337.2635
2019,DICIEMBRE,22,338.3090
2019,DICIEMBRE,23,351.4801
2019,DICIEMBRE,24,312.5899
2019,DICIEMBRE,25,275.6917
2019,DICIEMBRE,26,328.3197
2019,DICIEMBRE,27,331.9184
2019,DICIEMBRE,28,279.3879
2019,DICIEMBRE,29,246.4726
2019,DICIEMBRE,30,323.8929
2019,DICIEMBRE,31,274.9551
2020,ENERO,1,136.4922
2020,ENERO,2,254.3981
2020,ENERO,3,232.1003
2020,ENERO,4,211.9465
2020,ENERO,5,227.6424
2020,ENERO,6,208.6019
2020,ENERO,7,260.9917
2020,ENERO,8,264.2665
2020,ENERO,9,293.5719
2020,ENERO,10,307.4933
2020,ENERO,11,292.2153
2020,ENERO,12,309.2916
2020,ENERO,13,356.5134
2020,ENERO,14,321.3294
2020,ENERO,15,347.3476
2020,ENERO,16,361.3775
2020,ENERO,17,358.2492
2020,ENERO,18,355.7248
2020,ENERO,19,325.1632
2020,ENERO,20,418.5634
2020,ENERO,21,417.5002
2020,ENERO,22,379.6877
2020,ENERO,23,368.3021
2020,ENERO,24,390.0148
2020,ENERO,25,385.6464
2020,ENERO,26,369.0250
2020,ENERO,27,376.8132
2020,ENERO,28,363.0875
2020,ENERO,29,373.9779
2020,ENERO,30,371.4107
2020,ENERO,31,375.9831
2020,FEBRERO,1,404.3198
2020,FEBRERO,2,375.5925
2020,FEBRERO,3,409.1207
2020,FEBRERO,4,410.3759
2020,FEBRERO,5,405.3105
2020,FEBRERO,6,395.0730
2020,FEBRERO,7,389.1579
2020,FEBRERO,8,388.2741
2020,FEBRERO,9,367.0075
2020,FEBRERO,10,362.8063
2020,FEBRERO,11,401.2802
2020,FEBRERO,12,384.3235
2020,FEBRERO,13,397.9286
2020,FEBRERO,14,440.0191
2020,FEBRERO,15,474.2351
2020,FEBRERO,16,474.9153
2020,FEBRERO,17,503.1022
2020,FEBRERO,18,502.5605
2020,FEBRERO,19,538.9772
2020,FEBRERO,20,566.8873
2020,FEBRERO,21,604.0605
2020,FEBRERO,22,576.5211
2020,FEBRERO,23,470.4510
2020,FEBRERO,24,490.4926
2020,FEBRERO,25,445.2818
2020,FEBRERO,26,390.4587
2020,FEBRERO,27,306.0197
2020,FEBRERO,28,328.5550
2020,FEBRERO,29,281.8694
2020,MARZO,1,324.3787
2020,MARZO,2,402.6164
2020,MARZO,3,468.8585
2020,MARZO,4,457.7604
2020,MARZO,5,446.7874
2020,MARZO,6,410.6996
2020,MARZO,7,361.3961
2020,MARZO,8,358.2725
2020,MARZO,9,351.1114
2020,MARZO,10,354.5682
2020,MARZO,11,348.7454
2020,MARZO,12,338.2525
2020,MARZO,13,313.7438
2020,MARZO,14,299.9810
2020,MARZO,15,281.9323
2020,MARZO,16,316.5455
2020,MARZO,17,340.9461
2020,MARZO,18,361.4554
2020,MARZO,19,370.7794
2020,MARZO,20,371.3101
2020,MARZO,21,345.6097
2020,MARZO,22,348.4353
2020,MARZO,23,349.5492
2020,MARZO,24,361.9751
2020,MARZO,25,339.4010
2020,MARZO,26,321.6185
2020,MARZO,27,272.4028
2020,MARZO,28,232.9969
2020,MARZO,29,241.9199
2020,MARZO,30,227.4066
2020,MARZO,31,202.7822
2020,ABRIL,1,204.2008
2020,ABRIL,2,184.3336
2020,ABRIL,3,169.9034
2020,ABRIL,4,203.6833
2020,ABRIL,5,254.3278
2020,ABRIL,6,267.1021
2020,ABRIL,7,255.4826
2020,ABRIL,8,261.9757
2020,ABRIL,9,232.4403
2020,ABRIL,10,223.2625
2020,ABRIL,11,245.3667
2020,ABRIL,12,258.7726
2020,ABRIL,13,236.9139
2020,ABRIL,14,238.1796
2020,ABRIL,15,241.5402
2020,ABRIL,16,250.6409
2020,ABRIL,17,262.6017
2020,ABRIL,18,268.6928
2020,ABRIL,19,218.0847
2020,ABRIL,20,260.1331
2020,ABRIL,21,262.9152
2020,ABRIL,22,259.8133
2020,ABRIL,23,235.3204
2020,ABRIL,24,236.1475
2020,ABRIL,25,205.3461
2020,ABRIL,26,240.9546
2020,ABRIL,27,328.3107
2020,ABRIL,28,368.1643
2020,ABRIL,29,352.2619
2020,ABRIL,30,337.9013
2020,MAYO,1,283.0078
2020,MAYO,2,315.0996
2020,MAYO,3,297.5376
2020,MAYO,4,307.7554
2020,MAYO,5,289.3279
2020,MAYO,6,275.9613
2020,MAYO,7,300.7502
2020,MAYO,8,324.2859
2020,MAYO,9,256.1054
2020,MAYO,10,306.4503
2020,MAYO,11,328.9018
2020,MAYO,12,329.4326
2020,MAYO,13,330.3995
2020,MAYO,14,404.4643
2020,MAYO,15,443.6346
2020,MAYO,16,460.6456
2020,MAYO,17,454.9174
2020,MAYO,18,457.3073
2020,MAYO,19,397.3972
2020,MAYO,20,365.2849
2020,MAYO,21,363.3869
2020,MAYO,22,280.4681
2020,MAYO,23,311.5198
2020,MAYO,24,341.1678
2020,MAYO,25,475.6122
2020,MAYO,26,463.0265
2020,MAYO,27,450.7179
2020,MAYO,28,446.2710
2020,MAYO,29,414.2987
2020,MAYO,30,400.9664
2020,MAYO,31,314.4143
2020,JUNIO,1,363.7144
2020,JUNIO,2,382.8344
2020,JUNIO,3,350.6135
2020,JUNIO,4,345.7749
2020,JUNIO,5,367.8750
2020,JUNIO,6,375.3501
2020,JUNIO,7,361.8502
2020,JUNIO,8,406.2055
2020,JUNIO,9,420.0645
2020,JUNIO,10,416.1662
2020,JUNIO,11,400.8415
2020,JUNIO,12,389.8481
2020,JUNIO,13,354.9357
2020,JUNIO,14,307.0176
2020,JUNIO,15,281.0822
2020,JUNIO,16,279.4128
2020,JUNIO,17,310.0641
2020,JUNIO,18,265.1141
2020,JUNIO,19,254.6547
2020,JUNIO,20,238.8816
2020,JUNIO,21,234.1984
2020,JUNIO,22,220.9325
2020,JUNIO,23,234.2404
2020,JUNIO,24,227.2905
2020,JUNIO,25,250.0461
2020,JUNIO,26,251.9765
2020,JUNIO,27,240.9818
2020,JUNIO,28,215.6539
2020,JUNIO,29,224.3291
2020,JUNIO,30,225.5735
2020,JULIO,1,239.3355
2020,JULIO,2,209.1850
2020,JULIO,3,200.2740
2020,JULIO,4,178.5672
2020,JULIO,5,163.8927
2020,JULIO,6,146.6082
2020,JULIO,7,149.8213
2020,JULIO,8,149.8610
2020,JULIO,9,140.7470
2020,JULIO,10,151.2788
2020,JULIO,11,132.6020
2020,JULIO,12,118.4698
2020,JULIO,13,143.6854
2020,JULIO,14,138.7178
2020,JULIO,15,148.6928
2020,JULIO,16,147.8941
2020,JULIO,17,143.4516
2020,JULIO,18,133.4821
2020,JULIO,19,130.2663
2020,JULIO,20,155.2960
2020,JULIO,21,162.4403
2020,JULIO,22,167.1064
2020,JULIO,23,173.0584
2020,JULIO,24,177.4445
2020,JULIO,25,182.2111
2020,JULIO,26,178.0718
2020,JULIO,27,156.0845
2020,JULIO,28,148.8401
2020,JULIO,29,143.9684
2020,JULIO,30,134.3894
2020,JULIO,31,117.4562
2020,AGOSTO,1,131.5288
2020,AGOSTO,2,131.2845
2020,AGOSTO,3,146.3908
2020,AGOSTO,4,152.5972
2020,AGOSTO,5,143.4338
2020,AGOSTO,6,159.2049
2020,AGOSTO,7,171.8555
2020,AGOSTO,8,191.5743
2020,AGOSTO,9,200.2003
2020,AGOSTO,10,197.2516
2020,AGOSTO,11,201.0474
2020,AGOSTO,12,186.9685
2020,AGOSTO,13,182.2060
2020,AGOSTO,14,170.8139
2020,AGOSTO,15,154.3035
2020,AGOSTO,16,149.4876
2020,AGOSTO,17,170.8628
2020,AGOSTO,18,166.0994
2020,AGOSTO,19,150.7692
2020,AGOSTO,20,151.2167
2020,AGOSTO,21,145.7297
2020,AGOSTO,22,149.3509
2020,AGOSTO,23,149.1427
2020,AGOSTO,24,146.2089
2020,AGOSTO,25,146.2304
2020,AGOSTO,26,136.9973
2020,AGOSTO,27,147.9792
2020,AGOSTO,28,153.9852
2020,AGOSTO,29,156.6323
2020,AGOSTO,30,151.1036
2020,AGOSTO,31,135.4896
2020,SEPTIEMBRE,1,163.6813
2020,SEPTIEMBRE,2,171.7937
2020,SEPTIEMBRE,3,171.3083
2020,SEPTIEMBRE,4,165.8627
2020,SEPTIEMBRE,5,168.4862
2020,SEPTIEMBRE,6,162.1845
2020,SEPTIEMBRE,7,164.8716
2020,SEPTIEMBRE,8,164.3779
2020,SEPTIEMBRE,9,144.6322
2020,SEPTIEMBRE,10,146.9580
2020,SEPTIEMBRE,11,149.3252
2020,SEPTIEMBRE,12,154.3899
2020,SEPTIEMBRE,13,141.5623
2020,SEPTIEMBRE,14,140.3932
2020,SEPTIEMBRE,15,161.1461
2020,SEPTIEMBRE,16,159.4809
2020,SEPTIEMBRE,17,138.1850
2020,SEPTIEMBRE,18,162.9320
2020,SEPTIEMBRE,19,159.4627
2020,SEPTIEMBRE,20,136.9270
2020,SEPTIEMBRE,21,152.5065
2020,SEPTIEMBRE,22,165.9469
2020,SEPTIEMBRE,23,145.4926
2020,SEPTIEMBRE,24,142.3030
2020,SEPTIEMBRE,25,133.8818
2020,SEPTIEMBRE,26,150.2141
2020,SEPTIEMBRE,27,123.8448
2020,SEPTIEMBRE,28,124.4927
2020,SEPTIEMBRE,29,122.3467
2020,SEPTIEMBRE,30,139.2237
2020,OCTUBRE,1,154.6665
2020,OCTUBRE,2,149.0023
2020,OCTUBRE,3,140.0073
2020,OCTUBRE,4,113.0655
2020,OCTUBRE,5,147.1808
2020,OCTUBRE,6,139.1132
2020,OCTUBRE,7,158.1413
2020,OCTUBRE,8,168.6037
2020,OCTUBRE,9,161.9260
2020,OCTUBRE,10,181.0659
2020,OCTUBRE,11,162.2051
2020,OCTUBRE,12,192.1607
2020,OCTUBRE,13,206.7470
2020,OCTUBRE,14,191.3127
2020,OCTUBRE,15,191.7648
2020,OCTUBRE,16,187.0482
2020,OCTUBRE,17,207.1763
2020,OCTUBRE,18,194.0785
2020,OCTUBRE,19,185.4739
2020,OCTUBRE,20,205.0996
2020,OCTUBRE,21,258.8331
2020,OCTUBRE,22,295.5577
2020,OCTUBRE,23,323.0952
2020,OCTUBRE,24,275.7521
2020,OCTUBRE,25,204.5484
2020,OCTUBRE,26,243.0487
2020,OCTUBRE,27,264.4469
2020,OCTUBRE,28,238.4126
2020,OCTUBRE,29,218.2830
2020,OCTUBRE,30,202.5243
2020,OCTUBRE,31,187.3384
2020,NOVIEMBRE,1,142.2092
2020,NOVIEMBRE,2,189.4717
2020,NOVIEMBRE,3,217.1323
2020,NOVIEMBRE,4,201.1980
2020,NOVIEMBRE,5,201.4707
2020,NOVIEMBRE,6,237.9374
2020,NOVIEMBRE,7,209.4485
2020,NOVIEMBRE,8,208.3542
2020,NOVIEMBRE,9,214.2498
2020,NOVIEMBRE,10,219.4633
2020,NOVIEMBRE,11,221.1076
2020,NOVIEMBRE,12,181.0890
2020,NOVIEMBRE,13,188.8386
2020,NOVIEMBRE,14,149.4368
2020,NOVIEMBRE,15,117.1634
2020,NOVIEMBRE,16,114.6164
2020,NOVIEMBRE,17,139.2026
2020,NOVIEMBRE,18,159.5830
2020,NOVIEMBRE,19,148.2255
2020,NOVIEMBRE,20,152.7066
2020,NOVIEMBRE,21,159.8287
2020,NOVIEMBRE,22,133.4445
2020,NOVIEMBRE,23,209.8439
2020,NOVIEMBRE,24,274.6926
2020,NOVIEMBRE,25,187.3060
2020,NOVIEMBRE,26,204.6648
2020,NOVIEMBRE,27,180.2539
2020,NOVIEMBRE,28,156.0812
2020,NOVIEMBRE,29,143.6050
2020,NOVIEMBRE,30,136.5145
2020,DICIEMBRE,1,130.9120
2020,DICIEMBRE,2,120.6369
2020,DICIEMBRE,3,115.0865
2020,DICIEMBRE,4,115.6740
2020,DICIEMBRE,5,112.4581
2020,DICIEMBRE,6,121.1594
2020,DICIEMBRE,7,135.8381
2020,DICIEMBRE,8,123.5230
2020,DICIEMBRE,9,132.7681
2020,DICIEMBRE,10,131.9594
2020,DICIEMBRE,11,146.0454
2020,DICIEMBRE,12,148.2692
2020,DICIEMBRE,13,162.4342
2020,DICIEMBRE,14,171.7909
2020,DICIEMBRE,15,192.3490
2020,DICIEMBRE,16,198.6720
2020,DICIEMBRE,17,190.0578
2020,DICIEMBRE,18,205.1519
2020,DICIEMBRE,19,210.4406
2020,DICIEMBRE,20,208.5776
2020,DICIEMBRE,21,223.5626
2020,DICIEMBRE,22,204.8110
2020,DICIEMBRE,23,207.3679
2020,DICIEMBRE,24,210.6060
2020,DICIEMBRE,25,182.4122
2020,DICIEMBRE,26,164.6274
2020,DICIEMBRE,27,132.3183
2020,DICIEMBRE,28,170.2105
2020,DICIEMBRE,29,173.3230
2020,DICIEMBRE,30,170.8547
2020,DICIEMBRE,31,146.0737
